sku,_store,_attribute_set,_type,categories,_product_websites,age_range,aptamil_code,bottle_volume,brand,carseat_color,cartoon_figures,color,cost,country_of_manufacture,created_at,custom_design,custom_design_from,custom_design_to,custom_layout_update,description,featured,gallery,gift_message_available,has_options,image_label,manufacturer,material,media_gallery,meta_description,meta_keyword,meta_title,minimal_price,msrp,msrp_display_actual_price_type,msrp_enabled,name,news_from_date,news_to_date,options_container,page_layout,price,required_options,short_description,sigg_figure,size,small_image_label,special_from_date,special_price,special_to_date,status,tax_class_id,thumbnail_label,updated_at,url_key,url_path,visibility,weight,qty,min_qty,use_config_min_qty,is_qty_decimal,backorders,use_config_backorders,min_sale_qty,use_config_min_sale_qty,max_sale_qty,use_config_max_sale_qty,is_in_stock,notify_stock_qty,use_config_notify_stock_qty,manage_stock,use_config_manage_stock,stock_status_changed_auto,use_config_qty_increments,qty_increments,use_config_enable_qty_inc,enable_qty_increments,is_decimal_divided,_links_related_sku,_links_related_position,_links_crosssell_sku,_links_crosssell_position,_links_upsell_sku,_links_upsell_position,_associated_sku,_associated_default_qty,_associated_position,_tier_price_website,_tier_price_customer_group,_tier_price_qty,_tier_price_price,_group_price_website,_group_price_customer_group,_group_price_price,_media_attribute_id,_media_image,_media_lable,_media_position,_media_is_disabled
Zwilling_78159-001-0,base,Manicure,simple,[Chinese Category]/美妆护肤/美妆工具,base,,,,Zwilling,,,,,Germany,,,,,,"<div class=""std"">
        <h1>双立人 眉镊眉毛钳眉毛夹 斜头</h1><br>尺寸:9cm<br>1.医用不锈钢眉镊，安全，方便。<br>2.弹性设计的精巧眉镊，修整眉毛干净利落。<br>3.为修眉特别设计的斜口镊头,咬合紧密,牢牢夹紧毛发,轻松拔除,免去拉扯的疼痛.<br>4.镊子头咬合紧密,拔眉毛的时候先夹紧,再迅速向后一拉,就轻松地拔掉了.<br>德国双立人设计的个人护理套装，结合德国，意大利设计师的智慧。全不锈钢的TWINOX配件，适合不同习惯与需要的组合，令你容光焕发，仪表更出众。    </div><img width='100%' src='https://gdp.alicdn.com/imgextra/i4/2115745306/TB2H15OeVXXXXcOXXXXXXXXXXXX_!!2115745306.jpg'>",No,,,0,,,,,双立人 眉镊眉毛钳眉毛夹 斜头                     ,双立人 眉镊眉毛钳眉毛夹 斜头                     ,双立人 眉镊眉毛钳眉毛夹 斜头                      - AUSGER「德藝緻」德國精品百貨,,,Use config,Use config,双立人-眉镊眉毛钳眉毛夹-斜头-,,,Product Info Column,,12.95,0,双立人品牌是Peter·Henckels（彼得·亨克斯先生）以双子座作为最初的构想，在德国美丽的莱茵河畔小镇索林根创立的品牌。同时也揭开了这一人类现存最古老商标之一不老传说的序幕。他的后代约翰·阿布雷汉姆·亨克斯将公司名称改成Zwilling J.A.Henckel.US。 双立人拥有超过2000种的不锈钢刀剪餐具、锅具、厨房炊具和个人护理用品，开创了摩登厨房理念，让烹饪成为一种享受，带给人们看得见的完美品质和生活情趣。,,,,,,,1,2,,,                       ,                       .html,4,1,10,0,1,0,0,1,1,1,0,1,1,,1,0,1,0,1,0,1,0,0,,,,,,,,,,,,,,,,,,,,1,0
Zwilling_78705-201-0,base,Manicure,simple,[Chinese Category]/美妆护肤/美妆工具,base,,,,Zwilling,,,,,Germany,,,,,,"<div class=""std"">
        <h1>双立人 脚皮刀 硬皮刀 白色 10个刀片</h1><br>尺寸:带齿总长140mm<br>专业去除脚板底、脚后跟老茧死皮，内附带10个刀片，共11个刀片。    </div><img width='100%' src='https://gdp.alicdn.com/imgextra/i4/2115745306/TB2H15OeVXXXXcOXXXXXXXXXXXX_!!2115745306.jpg'>",No,,,0,,,,,去死皮刀+K1,去死皮刀+K1,去死皮刀+K1 - AUSGER「德藝緻」德國精品百貨,,,Use config,Use config,去死皮刀-K1,,,Product Info Column,,17.95,0,双立人品牌是Peter·Henckels（彼得·亨克斯先生）以双子座作为最初的构想，在德国美丽的莱茵河畔小镇索林根创立的品牌。同时也揭开了这一人类现存最古老商标之一不老传说的序幕。他的后代约翰·阿布雷汉姆·亨克斯将公司名称改成Zwilling J.A.Henckel.US。 双立人拥有超过2000种的不锈钢刀剪餐具、锅具、厨房炊具和个人护理用品，开创了摩登厨房理念，让烹饪成为一种享受，带给人们看得见的完美品质和生活情趣。,,,,,,,1,2,,,+K1,+K1.html,4,1,10,0,1,0,0,1,1,1,0,1,1,,1,0,1,0,1,0,1,0,0,,,,,,,,,,,,,,,,,,,,1,0
Zwilling_42440-000-0,base,Manicure,simple,[Chinese Category]/美妆护肤/美妆工具,base,,,,Zwilling,,,,,Germany,,,,,,"<div class=""std"">
        <h1>双立人 Beauty系列 指甲钳金属礼盒</h1><br>尺寸:长度60mm, 宽度13mm,厚度3.5mm<br>安全新颖的开启设计，高科技的锋利刃口，可用单手打开，便于随身携带<br><h3>特点：</h3>高科技的锋利刃口，上下咬合完全平齐，剪甲弧度合理。<br>打开后,内部附有指甲锉,设计精巧;<br>研磨车削纹路匀称美观,边缘不砢手,钢字及logo清晰工整    </div><img width='100%' src='https://gdp.alicdn.com/imgextra/i4/2115745306/TB2H15OeVXXXXcOXXXXXXXXXXXX_!!2115745306.jpg'>",No,,,0,,,,,双立人 Beauty系列 指甲钳金属礼盒                ,双立人 Beauty系列 指甲钳金属礼盒                ,双立人 Beauty系列 指甲钳金属礼盒                 - AUSGER「德藝緻」德國精品百貨,,,Use config,Use config,双立人-Beauty系列-指甲钳金属礼盒-,,,Product Info Column,,35.95,0,双立人品牌是Peter·Henckels（彼得·亨克斯先生）以双子座作为最初的构想，在德国美丽的莱茵河畔小镇索林根创立的品牌。同时也揭开了这一人类现存最古老商标之一不老传说的序幕。他的后代约翰·阿布雷汉姆·亨克斯将公司名称改成Zwilling J.A.Henckel.US。 双立人拥有超过2000种的不锈钢刀剪餐具、锅具、厨房炊具和个人护理用品，开创了摩登厨房理念，让烹饪成为一种享受，带给人们看得见的完美品质和生活情趣。,,,,,,,1,2,,, Beauty                 , Beauty                 .html,4,1,10,0,1,0,0,1,1,1,0,1,1,,1,0,1,0,1,0,1,0,0,,,,,,,,,,,,,,,,,,,,1,0
Zwilling_97106-004-0,base,Manicure,simple,[Chinese Category]/美妆护肤/美妆工具,base,,,,Zwilling,,,,,Germany,,,,,,"<div class=""std"">
        <h1>双立人 Manicure 亚洲美手套2件套 黑色</h1><br>尺寸:45×80mm<br>包含: 指甲钳、耳鼻毛修剪器<br>ZWILLING双立人亚洲美手套,2件套,黑色(指甲钳 耳鼻毛修剪器)饮食男女为悦己者容-亚洲美手套系列双立人的品质工艺与上乘不锈钢材料相结合，造就了经久不衰的TWINOX系列双立人美甲产品；结合德国、意大利、中国设计师智慧凭借超过280年的技术和经验，为中国市场量身定做亚洲美手套精选意大利牛皮，全不锈钢TWINOX配件，真正适合中国人的需求，令您容光焕发，仪表出众！    </div><img width='100%' src='https://gdp.alicdn.com/imgextra/i4/2115745306/TB2H15OeVXXXXcOXXXXXXXXXXXX_!!2115745306.jpg'>",No,,,0,,,,,双立人 Manicure 亚洲美手套2件套 黑色            ,双立人 Manicure 亚洲美手套2件套 黑色            ,双立人 Manicure 亚洲美手套2件套 黑色             - AUSGER「德藝緻」德國精品百貨,,,Use config,Use config,双立人-Manicure-亚洲美手套2件套-黑色-,,,Product Info Column,,97.95,0,双立人品牌是Peter·Henckels（彼得·亨克斯先生）以双子座作为最初的构想，在德国美丽的莱茵河畔小镇索林根创立的品牌。同时也揭开了这一人类现存最古老商标之一不老传说的序幕。他的后代约翰·阿布雷汉姆·亨克斯将公司名称改成Zwilling J.A.Henckel.US。 双立人拥有超过2000种的不锈钢刀剪餐具、锅具、厨房炊具和个人护理用品，开创了摩登厨房理念，让烹饪成为一种享受，带给人们看得见的完美品质和生活情趣。,,,,,,,1,2,,, Manicure 2             , Manicure 2             .html,4,1,10,0,1,0,0,1,1,1,0,1,1,,1,0,1,0,1,0,1,0,0,,,,,,,,,,,,,,,,,,,,1,0
Zwilling_97103-004-0,base,Manicure,simple,[Chinese Category]/美妆护肤/美妆工具,base,,,,Zwilling,,,,,Germany,,,,,,"<div class=""std"">
        <h1>双立人 Manicure 亚洲美手套装，8件套，黑色</h1><br>尺寸:140×100mm<br>包含:指甲及表皮剪、指甲钳、眉镊、指甲刀、指甲锉、表皮推修及指甲清洁器、钳型指甲钳、挖耳器。    </div><img width='100%' src='https://gdp.alicdn.com/imgextra/i4/2115745306/TB2H15OeVXXXXcOXXXXXXXXXXXX_!!2115745306.jpg'>",No,,,0,,,,,双立人 Manicure 亚洲美手套装，8件套，黑色          ,双立人 Manicure 亚洲美手套装，8件套，黑色          ,双立人 Manicure 亚洲美手套装，8件套，黑色           - AUSGER「德藝緻」德國精品百貨,,,Use config,Use config,双立人-Manicure-亚洲美手套装，8件套，黑色-,,,Product Info Column,,329.00,0,双立人品牌是Peter·Henckels（彼得·亨克斯先生）以双子座作为最初的构想，在德国美丽的莱茵河畔小镇索林根创立的品牌。同时也揭开了这一人类现存最古老商标之一不老传说的序幕。他的后代约翰·阿布雷汉姆·亨克斯将公司名称改成Zwilling J.A.Henckel.US。 双立人拥有超过2000种的不锈钢刀剪餐具、锅具、厨房炊具和个人护理用品，开创了摩登厨房理念，让烹饪成为一种享受，带给人们看得见的完美品质和生活情趣。,,,,,,,1,2,,, Manicure 8          , Manicure 8          .html,4,1,10,0,1,0,0,1,1,1,0,1,1,,1,0,1,0,1,0,1,0,0,,,,,,,,,,,,,,,,,,,,1,0
Zwilling_97093-002-0,base,Manicure,simple,[Chinese Category]/美妆护肤/美妆工具,base,,,,Zwilling,,,,,Germany,,,,,,"<div class=""std"">
        <h1>双立人 Manicure 新亚洲美手套装指甲刀 7件套, 红色</h1><br>尺寸:180 x 94毫米<br><h3>内含:</h3>1：组合指甲剪，毛丝，不锈钢，90毫米 <br>2：蓝宝石指甲锉，不锈钢毛丝，不锈钢，130毫米<br>3：角质层刀，光洁度，不锈钢<br>4：双仪，光洁度，不锈钢，125毫米<br>5：指甲钳，光洁度，不锈钢，120毫米<br>6：镊子，倾斜，毛丝，不锈钢，90毫米<br>7：指甲钳，光洁度，不锈钢60毫米<br>    </div><img width='100%' src='https://gdp.alicdn.com/imgextra/i4/2115745306/TB2H15OeVXXXXcOXXXXXXXXXXXX_!!2115745306.jpg'>",No,,,0,,,,,"双立人 Manicure 新亚洲美手套装指甲刀 7件套, 红色     ","双立人 Manicure 新亚洲美手套装指甲刀 7件套, 红色     ","双立人 Manicure 新亚洲美手套装指甲刀 7件套, 红色      - AUSGER「德藝緻」德國精品百貨",,,Use config,Use config,双立人-Manicure-新亚洲美手套装指甲刀-7件套-红色-,,,Product Info Column,,309.00,0,双立人品牌是Peter·Henckels（彼得·亨克斯先生）以双子座作为最初的构想，在德国美丽的莱茵河畔小镇索林根创立的品牌。同时也揭开了这一人类现存最古老商标之一不老传说的序幕。他的后代约翰·阿布雷汉姆·亨克斯将公司名称改成Zwilling J.A.Henckel.US。 双立人拥有超过2000种的不锈钢刀剪餐具、锅具、厨房炊具和个人护理用品，开创了摩登厨房理念，让烹饪成为一种享受，带给人们看得见的完美品质和生活情趣。,,,,,,,1,2,,," Manicure  7,      "," Manicure  7,      .html",4,1,10,0,1,0,0,1,1,1,0,1,1,,1,0,1,0,1,0,1,0,0,,,,,,,,,,,,,,,,,,,,1,0
Zwilling_97317-004-0,base,Manicure,simple,[Chinese Category]/美妆护肤/美妆工具,base,,,,Zwilling,,,,,Germany,,,,,,"<div class=""std"">
        <h1>双立人 Manicure 美容套装包 立式</h1><br>公元1731年6月13日，时值西历双子星座,双立人标志在德国莱茵河畔的小镇索林根诞生。由于当时还没有商标局，双立人标志在当地一间教堂内公告。这是人类历史上最古老的商标之一。<br>世界上最好的钢材，艺术之国的工艺设计，日耳曼民族特有的严谨与精湛手工艺……雄心勃勃的双立人早在1783年就建成了自己的炼钢厂与钢材实验室，用来研究不锈钢的组合。<br>双立人的优质刀剪餐具大获成功，几乎囊括了所有世界性的奖项，美誉传遍全球。双立人在德国、西班牙、中国和日本拥有生产基地。<br>除了厨房刀具，各类剪刀各式西餐具外，更逐步延伸至锅具,炊具，不锈钢桌面产品，德国军刀，美甲产品等，成为优质不锈钢制品领域内的行业领导与先锋。<br>继1995年成功设立刀剪餐具工厂后，2001年德国双立人又在中国成立锅具合资公司，将世界级的锅具产品介绍给中国消费者，双立人锅具在中国一经推出即大获成功。现在双立人在全国各地的高级百货店均设有专柜。<br>    </div><img width='100%' src='https://gdp.alicdn.com/imgextra/i4/2115745306/TB2H15OeVXXXXcOXXXXXXXXXXXX_!!2115745306.jpg'>",No,,,0,,,,,双立人 Manicure 美容套装包 立式               ,双立人 Manicure 美容套装包 立式               ,双立人 Manicure 美容套装包 立式                - AUSGER「德藝緻」德國精品百貨,,,Use config,Use config,双立人-Manicure-美容套装包-立式-,,,Product Info Column,,89.00,0,双立人品牌是Peter·Henckels（彼得·亨克斯先生）以双子座作为最初的构想，在德国美丽的莱茵河畔小镇索林根创立的品牌。同时也揭开了这一人类现存最古老商标之一不老传说的序幕。他的后代约翰·阿布雷汉姆·亨克斯将公司名称改成Zwilling J.A.Henckel.US。 双立人拥有超过2000种的不锈钢刀剪餐具、锅具、厨房炊具和个人护理用品，开创了摩登厨房理念，让烹饪成为一种享受，带给人们看得见的完美品质和生活情趣。,,,,,,,1,2,,, Manicure                 , Manicure                 .html,4,1,10,0,1,0,0,1,1,1,0,1,1,,1,0,1,0,1,0,1,0,0,,,,,,,,,,,,,,,,,,,,1,0
Zwilling_97092-002-0,base,Manicure,simple,[Chinese Category]/美妆护肤/美妆工具,base,,,,Zwilling,,,,,Germany,,,,,,"<div class=""std"">
        <h1>双立人 Manicure 美容套装包, 红色</h1><br>尺寸:皮夹尺寸：110 x 70 mm<br><h3>内含五件:</h3>眉毛镊子：90 mm / 3.5 ""<br>全钢銼刀：130 mm / 5 ""<br>修皮剪：31/2"" 90 mm / 3.5""<br>双头推修器：130 mm / 5 ""<br>指甲剪：60mm*13mm*4.5mm<br>精选意大利牛皮，全不锈钢WINOX配件    </div><img width='100%' src='https://gdp.alicdn.com/imgextra/i4/2115745306/TB2H15OeVXXXXcOXXXXXXXXXXXX_!!2115745306.jpg'>",No,,,0,,,,,"双立人 Manicure 美容套装包, 红色              ","双立人 Manicure 美容套装包, 红色              ","双立人 Manicure 美容套装包, 红色               - AUSGER「德藝緻」德國精品百貨",,,Use config,Use config,双立人-Manicure-美容套装包-红色-,,,Product Info Column,,179.00,0,双立人品牌是Peter·Henckels（彼得·亨克斯先生）以双子座作为最初的构想，在德国美丽的莱茵河畔小镇索林根创立的品牌。同时也揭开了这一人类现存最古老商标之一不老传说的序幕。他的后代约翰·阿布雷汉姆·亨克斯将公司名称改成Zwilling J.A.Henckel.US。 双立人拥有超过2000种的不锈钢刀剪餐具、锅具、厨房炊具和个人护理用品，开创了摩登厨房理念，让烹饪成为一种享受，带给人们看得见的完美品质和生活情趣。,,,,,,,1,2,,," Manicure ,               "," Manicure ,               .html",4,1,10,0,1,0,0,1,1,1,0,1,1,,1,0,1,0,1,0,1,0,0,,,,,,,,,,,,,,,,,,,,1,0
Zwilling_42450-000-0,base,Manicure,simple,[Chinese Category]/美妆护肤/美妆工具,base,,,,Zwilling,,,,,Germany,,,,,,"<div class=""std"">
        <h1>双立人 Multi Tool 萬用刀</h1><br>尺寸:長5.8cm，寬1.7cm、指甲鉗︰刀頭寬1cm、小刀︰刀刃長3.5cm、小銼刀︰銼長3cm、小剪刀︰刀頭長1.5cm、鑰匙環︰直徑2.9cm <br>實用設計，便利於外出時緊急狀況及平日使用，<br>輕巧又易攜帶，<br>附鑰匙圈，便利性高<br>    </div><img width='100%' src='https://gdp.alicdn.com/imgextra/i4/2115745306/TB2H15OeVXXXXcOXXXXXXXXXXXX_!!2115745306.jpg'>",No,,,0,,,,,双立人 Multi Tool 萬用刀                  ,双立人 Multi Tool 萬用刀                  ,双立人 Multi Tool 萬用刀                   - AUSGER「德藝緻」德國精品百貨,,,Use config,Use config,双立人-Multi-Tool-萬用刀-,,,Product Info Column,,381.60,0,双立人品牌是Peter·Henckels（彼得·亨克斯先生）以双子座作为最初的构想，在德国美丽的莱茵河畔小镇索林根创立的品牌。同时也揭开了这一人类现存最古老商标之一不老传说的序幕。他的后代约翰·阿布雷汉姆·亨克斯将公司名称改成Zwilling J.A.Henckel.US。 双立人拥有超过2000种的不锈钢刀剪餐具、锅具、厨房炊具和个人护理用品，开创了摩登厨房理念，让烹饪成为一种享受，带给人们看得见的完美品质和生活情趣。,,,,,,,1,2,,, Multi Tool                   , Multi Tool                   .html,4,1,10,0,1,0,0,1,1,1,0,1,1,,1,0,1,0,1,0,1,0,0,,,,,,,,,,,,,,,,,,,,1,0
Zwilling_42450-001-0,base,Manicure,simple,[Chinese Category]/美妆护肤/美妆工具,base,,,,Zwilling,,,,,Germany,,,,,,"<div class=""std"">
        <h1>双立人 Multi-Tool 萬用刀 不锈钢</h1><br>尺寸:長5.8cm，寬1.7cm、指甲鉗︰刀頭寬1cm、小刀︰刀刃長3.5cm、小銼刀︰銼長3cm、小剪刀︰刀頭長1.5cm、鑰匙環︰直徑2.9cm <br>實用設計，便利於外出時緊急狀況及平日使用，<br>輕巧又易攜帶，<br>附鑰匙圈，便利性高<br>    </div><img width='100%' src='https://gdp.alicdn.com/imgextra/i4/2115745306/TB2H15OeVXXXXcOXXXXXXXXXXXX_!!2115745306.jpg'>",No,,,0,,,,,双立人 Multi-Tool 萬用刀 不锈钢              ,双立人 Multi-Tool 萬用刀 不锈钢              ,双立人 Multi-Tool 萬用刀 不锈钢               - AUSGER「德藝緻」德國精品百貨,,,Use config,Use config,双立人-Multi-Tool-萬用刀-不锈钢-,,,Product Info Column,,19.95,0,双立人品牌是Peter·Henckels（彼得·亨克斯先生）以双子座作为最初的构想，在德国美丽的莱茵河畔小镇索林根创立的品牌。同时也揭开了这一人类现存最古老商标之一不老传说的序幕。他的后代约翰·阿布雷汉姆·亨克斯将公司名称改成Zwilling J.A.Henckel.US。 双立人拥有超过2000种的不锈钢刀剪餐具、锅具、厨房炊具和个人护理用品，开创了摩登厨房理念，让烹饪成为一种享受，带给人们看得见的完美品质和生活情趣。,,,,,,,1,2,,, Multi-Tool                , Multi-Tool                .html,4,1,10,0,1,0,0,1,1,1,0,1,1,,1,0,1,0,1,0,1,0,0,,,,,,,,,,,,,,,,,,,,1,0
Zwilling_78716-001-0,base,Manicure,simple,[Chinese Category]/美妆护肤/美妆工具,base,,,,Zwilling,,,,,Germany,,,,,,"<div class=""std"">
        <h1>双立人 Pedro 脚部硬皮锉 死皮锉</h1><br>尺寸:230mm <br>双立人老皮挫，死皮搓，去死皮老皮<br>做工精致，手感好<br>比起去老皮刀这是比较温和舒适的去老皮的工具<br>    </div><img width='100%' src='https://gdp.alicdn.com/imgextra/i4/2115745306/TB2H15OeVXXXXcOXXXXXXXXXXXX_!!2115745306.jpg'>",No,,,0,,,,,双立人 Pedro 脚部硬皮锉 死皮锉                 ,双立人 Pedro 脚部硬皮锉 死皮锉                 ,双立人 Pedro 脚部硬皮锉 死皮锉                  - AUSGER「德藝緻」德國精品百貨,,,Use config,Use config,双立人-Pedro-脚部硬皮锉-死皮锉-,,,Product Info Column,,19.95,0,双立人品牌是Peter·Henckels（彼得·亨克斯先生）以双子座作为最初的构想，在德国美丽的莱茵河畔小镇索林根创立的品牌。同时也揭开了这一人类现存最古老商标之一不老传说的序幕。他的后代约翰·阿布雷汉姆·亨克斯将公司名称改成Zwilling J.A.Henckel.US。 双立人拥有超过2000种的不锈钢刀剪餐具、锅具、厨房炊具和个人护理用品，开创了摩登厨房理念，让烹饪成为一种享受，带给人们看得见的完美品质和生活情趣。,,,,,,,1,2,,, Pedro                   , Pedro                   .html,4,1,10,0,1,0,0,1,1,1,0,1,1,,1,0,1,0,1,0,1,0,0,,,,,,,,,,,,,,,,,,,,1,0
Zwilling_97203-004-0,base,Manicure,simple,[Chinese Category]/美妆护肤/美妆工具,base,,,,Zwilling,,,,,Germany,,,,,,"<div class=""std"">
        <h1>双立人 Rahmen-美容套装包 5件套</h1><br>公元1731年6月13日，时值西历双子星座,双立人标志在德国莱茵河畔的小镇索林根诞生。由于当时还没有商标局，双立人标志在当地一间教堂内公告。这是人类历史上最古老的商标之一。<br>世界上最好的钢材，艺术之国的工艺设计，日耳曼民族特有的严谨与精湛手工艺……雄心勃勃的双立人早在1783年就建成了自己的炼钢厂与钢材实验室，用来研究不锈钢的组合。<br>双立人的优质刀剪餐具大获成功，几乎囊括了所有世界性的奖项，美誉传遍全球。双立人在德国、西班牙、中国和日本拥有生产基地。<br>除了厨房刀具，各类剪刀各式西餐具外，更逐步延伸至锅具,炊具，不锈钢桌面产品，德国军刀，美甲产品等，成为优质不锈钢制品领域内的行业领导与先锋。<br>继1995年成功设立刀剪餐具工厂后，2001年德国双立人又在中国成立锅具合资公司，将世界级的锅具产品介绍给中国消费者，双立人锅具在中国一经推出即大获成功。现在双立人在全国各地的高级百货店均设有专柜。<br>    </div><img width='100%' src='https://gdp.alicdn.com/imgextra/i4/2115745306/TB2H15OeVXXXXcOXXXXXXXXXXXX_!!2115745306.jpg'>",No,,,0,,,,,双立人 Rahmen-美容套装包 5件套                ,双立人 Rahmen-美容套装包 5件套                ,双立人 Rahmen-美容套装包 5件套                 - AUSGER「德藝緻」德國精品百貨,,,Use config,Use config,双立人-Rahmen-美容套装包-5件套-,,,Product Info Column,,99.95,0,双立人品牌是Peter·Henckels（彼得·亨克斯先生）以双子座作为最初的构想，在德国美丽的莱茵河畔小镇索林根创立的品牌。同时也揭开了这一人类现存最古老商标之一不老传说的序幕。他的后代约翰·阿布雷汉姆·亨克斯将公司名称改成Zwilling J.A.Henckel.US。 双立人拥有超过2000种的不锈钢刀剪餐具、锅具、厨房炊具和个人护理用品，开创了摩登厨房理念，让烹饪成为一种享受，带给人们看得见的完美品质和生活情趣。,,,,,,,1,2,,, Rahmen- 5                , Rahmen- 5                .html,4,1,10,0,1,0,0,1,1,1,0,1,1,,1,0,1,0,1,0,1,0,0,,,,,,,,,,,,,,,,,,,,1,0
Zwilling_97528-007-0,base,Manicure,simple,[Chinese Category]/美妆护肤/美妆工具,base,,,,Zwilling,,,,,Germany,,,,,,"<div class=""std"">
        <h1>双立人 TWINOX美容5件套 棕色皮套</h1><br>亚洲美手系列是双立人的品质工艺与上乘不锈钢材料相结合，造就了经久不衰的TWINOX系列双立人美甲产品；结合德国、意大利、中国设计师智慧凭借超过280年的技术和经验，为中国市场量身定做亚洲美手套精选意大利牛皮，全不锈钢TWINOX配件，真正适合中国人的需求，令您容光焕发，仪表出众！                                                                                                                                                                                                                                                                                                                                                                   </div><img width='100%' src='https://gdp.alicdn.com/imgextra/i4/2115745306/TB2H15OeVXXXXcOXXXXXXXXXXXX_!!2115745306.jpg'>",No,,,0,,,,,双立人 TWINOX美容5件套 棕色皮套,双立人 TWINOX美容5件套 棕色皮套,双立人 TWINOX美容5件套 棕色皮套 - AUSGER「德藝緻」德國精品百貨,,,Use config,Use config,双立人-TWINOX美容5件套-棕色皮套,,,Product Info Column,,149.00,0,双立人品牌是Peter·Henckels（彼得·亨克斯先生）以双子座作为最初的构想，在德国美丽的莱茵河畔小镇索林根创立的品牌。同时也揭开了这一人类现存最古老商标之一不老传说的序幕。他的后代约翰·阿布雷汉姆·亨克斯将公司名称改成Zwilling J.A.Henckel.US。 双立人拥有超过2000种的不锈钢刀剪餐具、锅具、厨房炊具和个人护理用品，开创了摩登厨房理念，让烹饪成为一种享受，带给人们看得见的完美品质和生活情趣。,,,,,,,1,2,,, TWINOX5 , TWINOX5 .html,4,1,10,0,1,0,0,1,1,1,0,1,1,,1,0,1,0,1,0,1,0,0,,,,,,,,,,,,,,,,,,,,1,0
Zwilling_78145-101-0,base,Manicure,simple,[Chinese Category]/美妆护肤/美妆工具,base,,,,Zwilling,,,,,Germany,,,,,,"<div class=""std"">
        <h1>双立人 TWINOX美容镊子 平头 亚光</h1><br>尺寸:90 mm<br>医用不锈钢制作,坚固耐用.手柄造型流畅,握感舒适. 粗面修挫成型,细面抛光.<br>亚光质感的不锈钢材料历经重重考验,耐腐蚀,耐磨损;精益求精的收工制作使双立人美甲工具历久弥新.                                                                                                                                                                                                                                                                                                                                                      </div><img width='100%' src='https://gdp.alicdn.com/imgextra/i4/2115745306/TB2H15OeVXXXXcOXXXXXXXXXXXX_!!2115745306.jpg'>",No,,,0,,,,,双立人 TWINOX美容镊子 平头 亚光,双立人 TWINOX美容镊子 平头 亚光,双立人 TWINOX美容镊子 平头 亚光 - AUSGER「德藝緻」德國精品百貨,,,Use config,Use config,双立人-TWINOX美容镊子-平头-亚光,,,Product Info Column,,15.95,0,双立人品牌是Peter·Henckels（彼得·亨克斯先生）以双子座作为最初的构想，在德国美丽的莱茵河畔小镇索林根创立的品牌。同时也揭开了这一人类现存最古老商标之一不老传说的序幕。他的后代约翰·阿布雷汉姆·亨克斯将公司名称改成Zwilling J.A.Henckel.US。 双立人拥有超过2000种的不锈钢刀剪餐具、锅具、厨房炊具和个人护理用品，开创了摩登厨房理念，让烹饪成为一种享受，带给人们看得见的完美品质和生活情趣。,,,,,,,1,2,,, TWINOX  , TWINOX  .html,4,1,10,0,1,0,0,1,1,1,0,1,1,,1,0,1,0,1,0,1,0,0,,,,,,,,,,,,,,,,,,,,1,0
Zwilling_88342-101-0,base,Manicure,simple,[Chinese Category]/美妆护肤/美妆工具,base,,,,Zwilling,,,,,Germany,,,,,,"<div class=""std"">
        <h1>双立人 V形去指甲死皮刀</h1><br>尺寸:130mm<br>德国品质不锈钢，使用再久也不会生锈变钝；<br>握柄长度适宜，V形刀刃小巧锋利，使用顺手；<br>手柄上印有双立人LOGO，使工具更显精致。<br>    </div><img width='100%' src='https://gdp.alicdn.com/imgextra/i4/2115745306/TB2H15OeVXXXXcOXXXXXXXXXXXX_!!2115745306.jpg'>",No,,,0,,,,,双立人 V形去指甲死皮刀                        ,双立人 V形去指甲死皮刀                        ,双立人 V形去指甲死皮刀                         - AUSGER「德藝緻」德國精品百貨,,,Use config,Use config,双立人-V形去指甲死皮刀-,,,Product Info Column,,13.95,0,双立人品牌是Peter·Henckels（彼得·亨克斯先生）以双子座作为最初的构想，在德国美丽的莱茵河畔小镇索林根创立的品牌。同时也揭开了这一人类现存最古老商标之一不老传说的序幕。他的后代约翰·阿布雷汉姆·亨克斯将公司名称改成Zwilling J.A.Henckel.US。 双立人拥有超过2000种的不锈钢刀剪餐具、锅具、厨房炊具和个人护理用品，开创了摩登厨房理念，让烹饪成为一种享受，带给人们看得见的完美品质和生活情趣。,,,,,,,1,2,,, V                        , V                        .html,4,1,10,0,1,0,0,1,1,1,0,1,1,,1,0,1,0,1,0,1,0,0,,,,,,,,,,,,,,,,,,,,1,0
Zwilling_49520-091-0,base,Manicure,simple,[Chinese Category]/美妆护肤/美妆工具,base,,,,Zwilling,,,,,Germany,,,,,,"<div class=""std"">
        <h1>双立人 不锈钢指甲剪刀</h1><br>公元1731年6月13日，时值西历双子星座,双立人标志在德国莱茵河畔的小镇索林根诞生。由于当时还没有商标局，双立人标志在当地一间教堂内公告。这是人类历史上最古老的商标之一。<br>世界上最好的钢材，艺术之国的工艺设计，日耳曼民族特有的严谨与精湛手工艺……雄心勃勃的双立人早在1783年就建成了自己的炼钢厂与钢材实验室，用来研究不锈钢的组合。<br>双立人的优质刀剪餐具大获成功，几乎囊括了所有世界性的奖项，美誉传遍全球。双立人在德国、西班牙、中国和日本拥有生产基地。<br>除了厨房刀具，各类剪刀各式西餐具外，更逐步延伸至锅具,炊具，不锈钢桌面产品，德国军刀，美甲产品等，成为优质不锈钢制品领域内的行业领导与先锋。<br>继1995年成功设立刀剪餐具工厂后，2001年德国双立人又在中国成立锅具合资公司，将世界级的锅具产品介绍给中国消费者，双立人锅具在中国一经推出即大获成功。现在双立人在全国各地的高级百货店均设有专柜。<br>    </div><img width='100%' src='https://gdp.alicdn.com/imgextra/i4/2115745306/TB2H15OeVXXXXcOXXXXXXXXXXXX_!!2115745306.jpg'>",No,,,0,,,,,双立人 不锈钢指甲剪刀                         ,双立人 不锈钢指甲剪刀                         ,双立人 不锈钢指甲剪刀                          - AUSGER「德藝緻」德國精品百貨,,,Use config,Use config,双立人-不锈钢指甲剪刀-,,,Product Info Column,,25.95,0,双立人品牌是Peter·Henckels（彼得·亨克斯先生）以双子座作为最初的构想，在德国美丽的莱茵河畔小镇索林根创立的品牌。同时也揭开了这一人类现存最古老商标之一不老传说的序幕。他的后代约翰·阿布雷汉姆·亨克斯将公司名称改成Zwilling J.A.Henckel.US。 双立人拥有超过2000种的不锈钢刀剪餐具、锅具、厨房炊具和个人护理用品，开创了摩登厨房理念，让烹饪成为一种享受，带给人们看得见的完美品质和生活情趣。,,,,,,,1,2,,,                          ,                          .html,4,1,10,0,1,0,0,1,1,1,0,1,1,,1,0,1,0,1,0,1,0,0,,,,,,,,,,,,,,,,,,,,1,0
Zwilling_49660-091-0,base,Manicure,simple,[Chinese Category]/美妆护肤/美妆工具,base,,,,Zwilling,,,,,Germany,,,,,,"<div class=""std"">
        <h1>双立人 不锈钢表皮剪刀, 磨砂</h1><br>尺寸:9厘米<br>特细剪刀头，刃口咬合度非常高，可以用来修眉、修剪很细的倒刺等等    </div><img width='100%' src='https://gdp.alicdn.com/imgextra/i4/2115745306/TB2H15OeVXXXXcOXXXXXXXXXXXX_!!2115745306.jpg'>",No,,,0,,,,,"双立人 不锈钢表皮剪刀, 磨砂                     ","双立人 不锈钢表皮剪刀, 磨砂                     ","双立人 不锈钢表皮剪刀, 磨砂                      - AUSGER「德藝緻」德國精品百貨",,,Use config,Use config,双立人-不锈钢表皮剪刀-磨砂-,,,Product Info Column,,36.95,0,双立人品牌是Peter·Henckels（彼得·亨克斯先生）以双子座作为最初的构想，在德国美丽的莱茵河畔小镇索林根创立的品牌。同时也揭开了这一人类现存最古老商标之一不老传说的序幕。他的后代约翰·阿布雷汉姆·亨克斯将公司名称改成Zwilling J.A.Henckel.US。 双立人拥有超过2000种的不锈钢刀剪餐具、锅具、厨房炊具和个人护理用品，开创了摩登厨房理念，让烹饪成为一种享受，带给人们看得见的完美品质和生活情趣。,,,,,,,1,2,,," ,                      "," ,                      .html",4,1,10,0,1,0,0,1,1,1,0,1,1,,1,0,1,0,1,0,1,0,0,,,,,,,,,,,,,,,,,,,,1,0
Zwilling_97269-001-0,base,Manicure,simple,[Chinese Category]/美妆护肤/美妆工具,base,,,,Zwilling,,,,,Germany,,,,,,"<div class=""std"">
        <h1>双立人 亚洲美手套，4件套，白色 </h1><br>尺寸:30*90*30mm<br>包括：指甲钳，表皮剪，指甲锉以及眉镊。<br>双立人的品质工艺与上乘不锈钢材料相结合，造就了经久不衰的TWINOX®系列双立人美甲产品；结合德国、意大利、中国设计师智慧，凭借超过280年的技术和经验，为中国市场量身定做亚洲美手套装。1、选用最高级别的优质钢材双立人的美甲工具采用上乘材质，由优质的18/10医用不锈钢制成。医用不锈钢密度高，清洁、卫生、坚固，其中的18/10代表稀有金属镉和镍的比例为18:10。 2、完美的工艺，整齐光滑的表面和边缘经过以冰锻为代表的双立人专利技术等30多道精密工艺锻造，经历岁月洗涤愈显经典，历久而弥新。表面抛光均匀光滑，刀刃无比锋利。所有产品都没有表面接缝。3、设计巧妙，性能优越双立人的手部护理产品，是多国设计师德智慧结晶，产品设计符合人体工程学，使用轻便、简单多次获得IF产品设计大奖的推崇。4、持久耐用正常使用的情况下双立人的产品至少有十年的使用寿命，且双立人提供免费维修等售后服务，比市面上普通的美甲产品多出两到三倍的使用寿命。5、提供多样选择尊贵套装送礼体面有品位，适合个人使用或收藏，经久耐用。    </div><img width='100%' src='https://gdp.alicdn.com/imgextra/i4/2115745306/TB2H15OeVXXXXcOXXXXXXXXXXXX_!!2115745306.jpg'>",No,,,0,,,,,双立人 亚洲美手套，4件套，白色                    ,双立人 亚洲美手套，4件套，白色                    ,双立人 亚洲美手套，4件套，白色                     - AUSGER「德藝緻」德國精品百貨,,,Use config,Use config,双立人-亚洲美手套，4件套，白色-,,,Product Info Column,,139.00,0,双立人品牌是Peter·Henckels（彼得·亨克斯先生）以双子座作为最初的构想，在德国美丽的莱茵河畔小镇索林根创立的品牌。同时也揭开了这一人类现存最古老商标之一不老传说的序幕。他的后代约翰·阿布雷汉姆·亨克斯将公司名称改成Zwilling J.A.Henckel.US。 双立人拥有超过2000种的不锈钢刀剪餐具、锅具、厨房炊具和个人护理用品，开创了摩登厨房理念，让烹饪成为一种享受，带给人们看得见的完美品质和生活情趣。,,,,,,,1,2,,, 4                    , 4                    .html,4,1,10,0,1,0,0,1,1,1,0,1,1,,1,0,1,0,1,0,1,0,0,,,,,,,,,,,,,,,,,,,,1,0
Zwilling_42579-101-0,base,Manicure,simple,[Chinese Category]/美妆护肤/美妆工具,base,,,,Zwilling,,,,,Germany,,,,,,"<div class=""std"">
        <h1>双立人 修甲去死皮钳, TWINOX, 亚光</h1><br>尺寸:总长100mm/4"", 钳子头5mm<br>小巧便利握感舒适 钳头锋利;    </div><img width='100%' src='https://gdp.alicdn.com/imgextra/i4/2115745306/TB2H15OeVXXXXcOXXXXXXXXXXXX_!!2115745306.jpg'>",No,,,0,,,,,"双立人 修甲去死皮钳, TWINOX, 亚光              ","双立人 修甲去死皮钳, TWINOX, 亚光              ","双立人 修甲去死皮钳, TWINOX, 亚光               - AUSGER「德藝緻」德國精品百貨",,,Use config,Use config,双立人-修甲去死皮钳-TWINOX-亚光-,,,Product Info Column,,50.95,0,双立人品牌是Peter·Henckels（彼得·亨克斯先生）以双子座作为最初的构想，在德国美丽的莱茵河畔小镇索林根创立的品牌。同时也揭开了这一人类现存最古老商标之一不老传说的序幕。他的后代约翰·阿布雷汉姆·亨克斯将公司名称改成Zwilling J.A.Henckel.US。 双立人拥有超过2000种的不锈钢刀剪餐具、锅具、厨房炊具和个人护理用品，开创了摩登厨房理念，让烹饪成为一种享受，带给人们看得见的完美品质和生活情趣。,,,,,,,1,2,,," , TWINOX,               "," , TWINOX,               .html",4,1,10,0,1,0,0,1,1,1,0,1,1,,1,0,1,0,1,0,1,0,0,,,,,,,,,,,,,,,,,,,,1,0
Zwilling_42412-001-0,base,Manicure,simple,[Chinese Category]/美妆护肤/美妆工具,base,,,,Zwilling,,,,,Germany,,,,,,"<div class=""std"">
        <h1>双立人 全钢 指甲剪</h1><br>尺寸:长 85mm<br>指甲剪表面光滑，手中质感非常好！<br>人体工程学设计，剪起来非常省力！<br>上下刃口间距大,间距4mm.适用于剪很厚的灰指甲<br>握柄长,力臂大,握感有力,适用于剪很硬的手或脚指甲<br>可挂在钥匙环上，不易丢失.    </div><img width='100%' src='https://gdp.alicdn.com/imgextra/i4/2115745306/TB2H15OeVXXXXcOXXXXXXXXXXXX_!!2115745306.jpg'>",No,,,0,,,,,双立人 全钢 指甲剪                          ,双立人 全钢 指甲剪                          ,双立人 全钢 指甲剪                           - AUSGER「德藝緻」德國精品百貨,,,Use config,Use config,双立人-全钢-指甲剪-,,,Product Info Column,,19.95,0,双立人品牌是Peter·Henckels（彼得·亨克斯先生）以双子座作为最初的构想，在德国美丽的莱茵河畔小镇索林根创立的品牌。同时也揭开了这一人类现存最古老商标之一不老传说的序幕。他的后代约翰·阿布雷汉姆·亨克斯将公司名称改成Zwilling J.A.Henckel.US。 双立人拥有超过2000种的不锈钢刀剪餐具、锅具、厨房炊具和个人护理用品，开创了摩登厨房理念，让烹饪成为一种享受，带给人们看得见的完美品质和生活情趣。,,,,,,,1,2,,,                            ,                            .html,4,1,10,0,1,0,0,1,1,1,0,1,1,,1,0,1,0,1,0,1,0,0,,,,,,,,,,,,,,,,,,,,1,0
Zwilling_88347-101-0,base,Manicure,simple,[Chinese Category]/美妆护肤/美妆工具,base,,,,Zwilling,,,,,Germany,,,,,,"<div class=""std"">
        <h1>双立人 去指甲死皮刀</h1><br>公元1731年6月13日，时值西历双子星座,双立人标志在德国莱茵河畔的小镇索林根诞生。由于当时还没有商标局，双立人标志在当地一间教堂内公告。这是人类历史上最古老的商标之一。<br>世界上最好的钢材，艺术之国的工艺设计，日耳曼民族特有的严谨与精湛手工艺……雄心勃勃的双立人早在1783年就建成了自己的炼钢厂与钢材实验室，用来研究不锈钢的组合。<br>双立人的优质刀剪餐具大获成功，几乎囊括了所有世界性的奖项，美誉传遍全球。双立人在德国、西班牙、中国和日本拥有生产基地。<br>除了厨房刀具，各类剪刀各式西餐具外，更逐步延伸至锅具,炊具，不锈钢桌面产品，德国军刀，美甲产品等，成为优质不锈钢制品领域内的行业领导与先锋。<br>继1995年成功设立刀剪餐具工厂后，2001年德国双立人又在中国成立锅具合资公司，将世界级的锅具产品介绍给中国消费者，双立人锅具在中国一经推出即大获成功。现在双立人在全国各地的高级百货店均设有专柜。<br>    </div><img width='100%' src='https://gdp.alicdn.com/imgextra/i4/2115745306/TB2H15OeVXXXXcOXXXXXXXXXXXX_!!2115745306.jpg'>",No,,,0,,,,,双立人 去指甲死皮刀                          ,双立人 去指甲死皮刀                          ,双立人 去指甲死皮刀                           - AUSGER「德藝緻」德國精品百貨,,,Use config,Use config,双立人-去指甲死皮刀-,,,Product Info Column,,11.95,0,双立人品牌是Peter·Henckels（彼得·亨克斯先生）以双子座作为最初的构想，在德国美丽的莱茵河畔小镇索林根创立的品牌。同时也揭开了这一人类现存最古老商标之一不老传说的序幕。他的后代约翰·阿布雷汉姆·亨克斯将公司名称改成Zwilling J.A.Henckel.US。 双立人拥有超过2000种的不锈钢刀剪餐具、锅具、厨房炊具和个人护理用品，开创了摩登厨房理念，让烹饪成为一种享受，带给人们看得见的完美品质和生活情趣。,,,,,,,1,2,,,                           ,                           .html,4,1,10,0,1,0,0,1,1,1,0,1,1,,1,0,1,0,1,0,1,0,0,,,,,,,,,,,,,,,,,,,,1,0
Zwilling_78153-001-0,base,Manicure,simple,[Chinese Category]/美妆护肤/美妆工具,base,,,,Zwilling,,,,,Germany,,,,,,"<div class=""std"">
        <h1>双立人 夹眉毛镊子, 平头</h1><br>公元1731年6月13日，时值西历双子星座,双立人标志在德国莱茵河畔的小镇索林根诞生。由于当时还没有商标局，双立人标志在当地一间教堂内公告。这是人类历史上最古老的商标之一。<br>世界上最好的钢材，艺术之国的工艺设计，日耳曼民族特有的严谨与精湛手工艺……雄心勃勃的双立人早在1783年就建成了自己的炼钢厂与钢材实验室，用来研究不锈钢的组合。<br>双立人的优质刀剪餐具大获成功，几乎囊括了所有世界性的奖项，美誉传遍全球。双立人在德国、西班牙、中国和日本拥有生产基地。<br>除了厨房刀具，各类剪刀各式西餐具外，更逐步延伸至锅具,炊具，不锈钢桌面产品，德国军刀，美甲产品等，成为优质不锈钢制品领域内的行业领导与先锋。<br>继1995年成功设立刀剪餐具工厂后，2001年德国双立人又在中国成立锅具合资公司，将世界级的锅具产品介绍给中国消费者，双立人锅具在中国一经推出即大获成功。现在双立人在全国各地的高级百货店均设有专柜。<br>    </div><img width='100%' src='https://gdp.alicdn.com/imgextra/i4/2115745306/TB2H15OeVXXXXcOXXXXXXXXXXXX_!!2115745306.jpg'>",No,,,0,,,,,"双立人 夹眉毛镊子, 平头                       ","双立人 夹眉毛镊子, 平头                       ","双立人 夹眉毛镊子, 平头                        - AUSGER「德藝緻」德國精品百貨",,,Use config,Use config,双立人-夹眉毛镊子-平头-,,,Product Info Column,,9.95,0,双立人品牌是Peter·Henckels（彼得·亨克斯先生）以双子座作为最初的构想，在德国美丽的莱茵河畔小镇索林根创立的品牌。同时也揭开了这一人类现存最古老商标之一不老传说的序幕。他的后代约翰·阿布雷汉姆·亨克斯将公司名称改成Zwilling J.A.Henckel.US。 双立人拥有超过2000种的不锈钢刀剪餐具、锅具、厨房炊具和个人护理用品，开创了摩登厨房理念，让烹饪成为一种享受，带给人们看得见的完美品质和生活情趣。,,,,,,,1,2,,," ,                        "," ,                        .html",4,1,10,0,1,0,0,1,1,1,0,1,1,,1,0,1,0,1,0,1,0,0,,,,,,,,,,,,,,,,,,,,1,0
Zwilling_97470-000-0,base,Manicure,simple,[Chinese Category]/美妆护肤/美妆工具,base,,,,Zwilling,,,,,Germany,,,,,,"<div class=""std"">
        <h1>双立人 指甲刀 直刃斜口 黑色 白色</h1><br>公元1731年6月13日，时值西历双子星座,双立人标志在德国莱茵河畔的小镇索林根诞生。由于当时还没有商标局，双立人标志在当地一间教堂内公告。这是人类历史上最古老的商标之一。<br>世界上最好的钢材，艺术之国的工艺设计，日耳曼民族特有的严谨与精湛手工艺……雄心勃勃的双立人早在1783年就建成了自己的炼钢厂与钢材实验室，用来研究不锈钢的组合。<br>双立人的优质刀剪餐具大获成功，几乎囊括了所有世界性的奖项，美誉传遍全球。双立人在德国、西班牙、中国和日本拥有生产基地。<br>除了厨房刀具，各类剪刀各式西餐具外，更逐步延伸至锅具,炊具，不锈钢桌面产品，德国军刀，美甲产品等，成为优质不锈钢制品领域内的行业领导与先锋。<br>继1995年成功设立刀剪餐具工厂后，2001年德国双立人又在中国成立锅具合资公司，将世界级的锅具产品介绍给中国消费者，双立人锅具在中国一经推出即大获成功。现在双立人在全国各地的高级百货店均设有专柜。<br>    </div><img width='100%' src='https://gdp.alicdn.com/imgextra/i4/2115745306/TB2H15OeVXXXXcOXXXXXXXXXXXX_!!2115745306.jpg'>",No,,,0,,,,,双立人 指甲刀 直刃斜口 黑色 白色                  ,双立人 指甲刀 直刃斜口 黑色 白色                  ,双立人 指甲刀 直刃斜口 黑色 白色                   - AUSGER「德藝緻」德國精品百貨,,,Use config,Use config,双立人-指甲刀-直刃斜口-黑色-白色-,,,Product Info Column,,358.80,0,双立人品牌是Peter·Henckels（彼得·亨克斯先生）以双子座作为最初的构想，在德国美丽的莱茵河畔小镇索林根创立的品牌。同时也揭开了这一人类现存最古老商标之一不老传说的序幕。他的后代约翰·阿布雷汉姆·亨克斯将公司名称改成Zwilling J.A.Henckel.US。 双立人拥有超过2000种的不锈钢刀剪餐具、锅具、厨房炊具和个人护理用品，开创了摩登厨房理念，让烹饪成为一种享受，带给人们看得见的完美品质和生活情趣。,,,,,,,1,2,,,                      ,                      .html,4,1,10,0,1,0,0,1,1,1,0,1,1,,1,0,1,0,1,0,1,0,0,,,,,,,,,,,,,,,,,,,,1,0
Zwilling_42461-101-0,base,Manicure,simple,[Chinese Category]/美妆护肤/美妆工具,base,,,,Zwilling,,,,,Germany,,,,,,"<div class=""std"">
        <h1>双立人 指甲钳 抛光</h1><br>公元1731年6月13日，时值西历双子星座,双立人标志在德国莱茵河畔的小镇索林根诞生。由于当时还没有商标局，双立人标志在当地一间教堂内公告。这是人类历史上最古老的商标之一。<br>世界上最好的钢材，艺术之国的工艺设计，日耳曼民族特有的严谨与精湛手工艺……雄心勃勃的双立人早在1783年就建成了自己的炼钢厂与钢材实验室，用来研究不锈钢的组合。<br>双立人的优质刀剪餐具大获成功，几乎囊括了所有世界性的奖项，美誉传遍全球。双立人在德国、西班牙、中国和日本拥有生产基地。<br>除了厨房刀具，各类剪刀各式西餐具外，更逐步延伸至锅具,炊具，不锈钢桌面产品，德国军刀，美甲产品等，成为优质不锈钢制品领域内的行业领导与先锋。<br>继1995年成功设立刀剪餐具工厂后，2001年德国双立人又在中国成立锅具合资公司，将世界级的锅具产品介绍给中国消费者，双立人锅具在中国一经推出即大获成功。现在双立人在全国各地的高级百货店均设有专柜。<br>    </div><img width='100%' src='https://gdp.alicdn.com/imgextra/i4/2115745306/TB2H15OeVXXXXcOXXXXXXXXXXXX_!!2115745306.jpg'>",No,,,0,,,,,双立人 指甲钳 抛光                          ,双立人 指甲钳 抛光                          ,双立人 指甲钳 抛光                           - AUSGER「德藝緻」德國精品百貨,,,Use config,Use config,双立人-指甲钳-抛光-,,,Product Info Column,,39.95,0,双立人品牌是Peter·Henckels（彼得·亨克斯先生）以双子座作为最初的构想，在德国美丽的莱茵河畔小镇索林根创立的品牌。同时也揭开了这一人类现存最古老商标之一不老传说的序幕。他的后代约翰·阿布雷汉姆·亨克斯将公司名称改成Zwilling J.A.Henckel.US。 双立人拥有超过2000种的不锈钢刀剪餐具、锅具、厨房炊具和个人护理用品，开创了摩登厨房理念，让烹饪成为一种享受，带给人们看得见的完美品质和生活情趣。,,,,,,,1,2,,,                            ,                            .html,4,1,10,0,1,0,0,1,1,1,0,1,1,,1,0,1,0,1,0,1,0,0,,,,,,,,,,,,,,,,,,,,1,0
Zwilling_42491-000-0,base,Manicure,simple,[Chinese Category]/美妆护肤/美妆工具,base,,,,Zwilling,,,,,Germany,,,,,,"<div class=""std"">
        <h1>双立人 指甲钳/甲沟炎/灰指甲钳</h1><br>尺寸:总长120mm, 4 1/2"", 钳口儿刃长20mm, 钳子最大张开角度120度<br>尖头儿钳口设计，可深入指甲缝，修剪指甲边角和嵌入肉里的指甲；甲勾炎，清理克星。<br>钳刃锋利，轻松剪断灰指甲、厚指甲等顽固指甲；<br>握柄宽厚，设计合理，握感牢靠，省力好剪；<br>全不锈钢锻造，永不生锈；    </div><img width='100%' src='https://gdp.alicdn.com/imgextra/i4/2115745306/TB2H15OeVXXXXcOXXXXXXXXXXXX_!!2115745306.jpg'>",No,,,0,,,,,双立人 指甲钳/甲沟炎/灰指甲钳                    ,双立人 指甲钳/甲沟炎/灰指甲钳                    ,双立人 指甲钳/甲沟炎/灰指甲钳                     - AUSGER「德藝緻」德國精品百貨,,,Use config,Use config,双立人-指甲钳-甲沟炎-灰指甲钳-,,,Product Info Column,,169.00,0,双立人品牌是Peter·Henckels（彼得·亨克斯先生）以双子座作为最初的构想，在德国美丽的莱茵河畔小镇索林根创立的品牌。同时也揭开了这一人类现存最古老商标之一不老传说的序幕。他的后代约翰·阿布雷汉姆·亨克斯将公司名称改成Zwilling J.A.Henckel.US。 双立人拥有超过2000种的不锈钢刀剪餐具、锅具、厨房炊具和个人护理用品，开创了摩登厨房理念，让烹饪成为一种享受，带给人们看得见的完美品质和生活情趣。,,,,,,,1,2,,, //                    , //                    .html,4,1,10,0,1,0,0,1,1,1,0,1,1,,1,0,1,0,1,0,1,0,0,,,,,,,,,,,,,,,,,,,,1,0
Zwilling_79854-001-0,base,Manicure,simple,[Chinese Category]/美妆护肤/美妆工具,base,,,,Zwilling,,,,,Germany,,,,,,"<div class=""std"">
        <h1>双立人 耳鼻毛修剪器</h1><br>尺寸:刀头部直径：8mm 尾部藏刷部位直径：12mm 总长度：80mm<br><h3>特点:</h3>1.设计精巧的圆形刀头，轻松修剪不雅耳鼻毛。较之电动产品，绝无毛屑残留引发喷嚏。<br>2.体积小，携带方便且安全。<br>3.长久使用，无需磨刃。<br><h3>使用方法:</h3>1.使用前清洁鼻孔，使用后耳鼻毛修剪器尽快清洗。<br>2.可拆开，用清水洗净，甩干，置于通风处干燥。<br>3.不会划伤鼻腔内壁，不会引起打喷嚏（比较电动修剪器而言）。    </div><img width='100%' src='https://gdp.alicdn.com/imgextra/i4/2115745306/TB2H15OeVXXXXcOXXXXXXXXXXXX_!!2115745306.jpg'>",No,,,0,,,,,双立人 耳鼻毛修剪器                          ,双立人 耳鼻毛修剪器                          ,双立人 耳鼻毛修剪器                           - AUSGER「德藝緻」德國精品百貨,,,Use config,Use config,双立人-耳鼻毛修剪器-,,,Product Info Column,,40.95,0,双立人品牌是Peter·Henckels（彼得·亨克斯先生）以双子座作为最初的构想，在德国美丽的莱茵河畔小镇索林根创立的品牌。同时也揭开了这一人类现存最古老商标之一不老传说的序幕。他的后代约翰·阿布雷汉姆·亨克斯将公司名称改成Zwilling J.A.Henckel.US。 双立人拥有超过2000种的不锈钢刀剪餐具、锅具、厨房炊具和个人护理用品，开创了摩登厨房理念，让烹饪成为一种享受，带给人们看得见的完美品质和生活情趣。,,,,,,,1,2,,,                           ,                           .html,4,1,10,0,1,0,0,1,1,1,0,1,1,,1,0,1,0,1,0,1,0,0,,,,,,,,,,,,,,,,,,,,1,0
Zwilling_97504-004-0,base,Manicure,simple,[Chinese Category]/美妆护肤/美妆工具,base,,,,Zwilling,,,,,Germany,,,,,,"<div class=""std"">
        <h1>双立人 超薄指甲剪 真皮钥匙包</h1><br>尺寸:13.4 x 8.8 x 3.4 cm<br>公元1731年6月13日，时值西历双子星座,双立人标志在德国莱茵河畔的小镇索林根诞生。由于当时还没有商标局，双立人标志在当地一间教堂内公告。这是人类历史上最古老的商标之一。<br>世界上最好的钢材，艺术之国的工艺设计，日耳曼民族特有的严谨与精湛手工艺……雄心勃勃的双立人早在1783年就建成了自己的炼钢厂与钢材实验室，用来研究不锈钢的组合。<br>双立人的优质刀剪餐具大获成功，几乎囊括了所有世界性的奖项，美誉传遍全球。双立人在德国、西班牙、中国和日本拥有生产基地。<br>除了厨房刀具，各类剪刀各式西餐具外，更逐步延伸至锅具,炊具，不锈钢桌面产品，德国军刀，美甲产品等，成为优质不锈钢制品领域内的行业领导与先锋。<br>继1995年成功设立刀剪餐具工厂后，2001年德国双立人又在中国成立锅具合资公司，将世界级的锅具产品介绍给中国消费者，双立人锅具在中国一经推出即大获成功。现在双立人在全国各地的高级百货店均设有专柜。<br>    </div><img width='100%' src='https://gdp.alicdn.com/imgextra/i4/2115745306/TB2H15OeVXXXXcOXXXXXXXXXXXX_!!2115745306.jpg'>",No,,,0,,,,,双立人 超薄指甲剪 真皮钥匙包                     ,双立人 超薄指甲剪 真皮钥匙包                     ,双立人 超薄指甲剪 真皮钥匙包                      - AUSGER「德藝緻」德國精品百貨,,,Use config,Use config,双立人-超薄指甲剪-真皮钥匙包-,,,Product Info Column,,52.95,0,双立人品牌是Peter·Henckels（彼得·亨克斯先生）以双子座作为最初的构想，在德国美丽的莱茵河畔小镇索林根创立的品牌。同时也揭开了这一人类现存最古老商标之一不老传说的序幕。他的后代约翰·阿布雷汉姆·亨克斯将公司名称改成Zwilling J.A.Henckel.US。 双立人拥有超过2000种的不锈钢刀剪餐具、锅具、厨房炊具和个人护理用品，开创了摩登厨房理念，让烹饪成为一种享受，带给人们看得见的完美品质和生活情趣。,,,,,,,1,2,,,                       ,                       .html,4,1,10,0,1,0,0,1,1,1,0,1,1,,1,0,1,0,1,0,1,0,0,,,,,,,,,,,,,,,,,,,,1,0
Zwilling_43567-101-0,base,Manicure,simple,[Chinese Category]/美妆护肤/美妆工具,base,,,,Zwilling,,,,,Germany,,,,,,"<div class=""std"">
        <h1>双立人 鼻毛剪</h1><br>尺寸:160mm<br>德国本土生产，专利摄氏零下200度冰煅工艺，令刀具抗腐蚀，韧性十足，刀锋更持久锋利。    </div><img width='100%' src='https://gdp.alicdn.com/imgextra/i4/2115745306/TB2H15OeVXXXXcOXXXXXXXXXXXX_!!2115745306.jpg'>",No,,,0,,,,,双立人 鼻毛剪                             ,双立人 鼻毛剪                             ,双立人 鼻毛剪                              - AUSGER「德藝緻」德國精品百貨,,,Use config,Use config,双立人-鼻毛剪-,,,Product Info Column,,41.95,0,双立人品牌是Peter·Henckels（彼得·亨克斯先生）以双子座作为最初的构想，在德国美丽的莱茵河畔小镇索林根创立的品牌。同时也揭开了这一人类现存最古老商标之一不老传说的序幕。他的后代约翰·阿布雷汉姆·亨克斯将公司名称改成Zwilling J.A.Henckel.US。 双立人拥有超过2000种的不锈钢刀剪餐具、锅具、厨房炊具和个人护理用品，开创了摩登厨房理念，让烹饪成为一种享受，带给人们看得见的完美品质和生活情趣。,,,,,,,1,2,,,                              ,                              .html,4,1,10,0,1,0,0,1,1,1,0,1,1,,1,0,1,0,1,0,1,0,0,,,,,,,,,,,,,,,,,,,,1,0
Zwilling_78146-101-0,base,Manicure,simple,[Chinese Category]/美妆护肤/美妆工具,base,,,,Zwilling,,,,,Germany,,,,,,"<div class=""std"">
        <h1>双立人 夹眉毛镊子</h1><br>尺寸:90mm<br>为修眉特别设计的斜口镊头, 咬合紧密, 牢牢夹紧毛发, 轻松拔除, 免去拉扯的疼痛.    </div><img width='100%' src='https://gdp.alicdn.com/imgextra/i4/2115745306/TB2H15OeVXXXXcOXXXXXXXXXXXX_!!2115745306.jpg'>",No,,,0,,,,,小镊子,小镊子,小镊子 - AUSGER「德藝緻」德國精品百貨,,,Use config,Use config,小镊子,,,Product Info Column,,15.95,0,双立人品牌是Peter·Henckels（彼得·亨克斯先生）以双子座作为最初的构想，在德国美丽的莱茵河畔小镇索林根创立的品牌。同时也揭开了这一人类现存最古老商标之一不老传说的序幕。他的后代约翰·阿布雷汉姆·亨克斯将公司名称改成Zwilling J.A.Henckel.US。 双立人拥有超过2000种的不锈钢刀剪餐具、锅具、厨房炊具和个人护理用品，开创了摩登厨房理念，让烹饪成为一种享受，带给人们看得见的完美品质和生活情趣。,,,,,,,1,2,,,,.html,4,1,10,0,1,0,0,1,1,1,0,1,1,,1,0,1,0,1,0,1,0,0,,,,,,,,,,,,,,,,,,,,1,0
Zwilling_78155-001-0,base,Manicure,simple,[Chinese Category]/美妆护肤/美妆工具,base,,,,Zwilling,,,,,Germany,,,,,,"<div class=""std"">
        <h1>双立人 夹眉毛镊子, 尖头</h1><br>尺寸:9cm<br>1.医用不锈钢眉镊，安全，方便。<br>2.弹性设计的精巧眉镊，修整眉毛干净利落。<br>3.为修眉特别设计的斜口镊头,咬合紧密,牢牢夹紧毛发,轻松拔除,免去拉扯的疼痛.<br>4.镊子头咬合紧密,拔眉毛的时候先夹紧,再迅速向后一拉,就轻松地拔掉了.<br>德国双立人设计的个人护理套装，结合德国，意大利设计师的智慧。全不锈钢的TWINOX配件，适合不同习惯与需要的组合，令你容光焕发，仪表更出众。    </div><img width='100%' src='https://gdp.alicdn.com/imgextra/i4/2115745306/TB2H15OeVXXXXcOXXXXXXXXXXXX_!!2115745306.jpg'>",No,,,0,,,,,"小镊子, 尖头","小镊子, 尖头","小镊子, 尖头 - AUSGER「德藝緻」德國精品百貨",,,Use config,Use config,小镊子-尖头,,,Product Info Column,,9.95,0,双立人品牌是Peter·Henckels（彼得·亨克斯先生）以双子座作为最初的构想，在德国美丽的莱茵河畔小镇索林根创立的品牌。同时也揭开了这一人类现存最古老商标之一不老传说的序幕。他的后代约翰·阿布雷汉姆·亨克斯将公司名称改成Zwilling J.A.Henckel.US。 双立人拥有超过2000种的不锈钢刀剪餐具、锅具、厨房炊具和个人护理用品，开创了摩登厨房理念，让烹饪成为一种享受，带给人们看得见的完美品质和生活情趣。,,,,,,,1,2,,,", ",", .html",4,1,10,0,1,0,0,1,1,1,0,1,1,,1,0,1,0,1,0,1,0,0,,,,,,,,,,,,,,,,,,,,1,0
Zwilling_78154-001-0,base,Manicure,simple,[Chinese Category]/美妆护肤/美妆工具,base,,,,Zwilling,,,,,Germany,,,,,,"<div class=""std"">
        <h1>双立人 夹眉毛镊子, 斜头</h1><br>1.医用不锈钢眉镊，安全，方便。<br>2.弹性设计的精巧眉镊，修整眉毛干净利落。<br>3.为修眉特别设计的斜口镊头,咬合紧密,牢牢夹紧毛发,轻松拔除,免去拉扯的疼痛.<br>4.镊子头咬合紧密,拔眉毛的时候先夹紧,再迅速向后一拉,就轻松地拔掉了.<br>德国双立人设计的个人护理套装，结合德国，意大利设计师的智慧。全不锈钢的TWINOX配件，适合不同习惯与需要的组合，令你容光焕发，仪表更出众。    </div><img width='100%' src='https://gdp.alicdn.com/imgextra/i4/2115745306/TB2H15OeVXXXXcOXXXXXXXXXXXX_!!2115745306.jpg'>",No,,,0,,,,,"小镊子, 斜头","小镊子, 斜头","小镊子, 斜头 - AUSGER「德藝緻」德國精品百貨",,,Use config,Use config,小镊子-斜头,,,Product Info Column,,9.95,0,双立人品牌是Peter·Henckels（彼得·亨克斯先生）以双子座作为最初的构想，在德国美丽的莱茵河畔小镇索林根创立的品牌。同时也揭开了这一人类现存最古老商标之一不老传说的序幕。他的后代约翰·阿布雷汉姆·亨克斯将公司名称改成Zwilling J.A.Henckel.US。 双立人拥有超过2000种的不锈钢刀剪餐具、锅具、厨房炊具和个人护理用品，开创了摩登厨房理念，让烹饪成为一种享受，带给人们看得见的完美品质和生活情趣。,,,,,,,1,2,,,", ",", .html",4,1,10,0,1,0,0,1,1,1,0,1,1,,1,0,1,0,1,0,1,0,0,,,,,,,,,,,,,,,,,,,,1,0
Zwilling_97387-003-0,base,Manicure,simple,[Chinese Category]/美妆护肤/美妆工具,base,,,,Zwilling,,,,,Germany,,,,,,"<div class=""std"">
        <h1>双立人 亚洲美手套，5件套，紫色</h1><br>公元1731年6月13日，时值西历双子星座,双立人标志在德国莱茵河畔的小镇索林根诞生。由于当时还没有商标局，双立人标志在当地一间教堂内公告。这是人类历史上最古老的商标之一。<br>世界上最好的钢材，艺术之国的工艺设计，日耳曼民族特有的严谨与精湛手工艺……雄心勃勃的双立人早在1783年就建成了自己的炼钢厂与钢材实验室，用来研究不锈钢的组合。<br>双立人的优质刀剪餐具大获成功，几乎囊括了所有世界性的奖项，美誉传遍全球。双立人在德国、西班牙、中国和日本拥有生产基地。<br>除了厨房刀具，各类剪刀各式西餐具外，更逐步延伸至锅具,炊具，不锈钢桌面产品，德国军刀，美甲产品等，成为优质不锈钢制品领域内的行业领导与先锋。<br>继1995年成功设立刀剪餐具工厂后，2001年德国双立人又在中国成立锅具合资公司，将世界级的锅具产品介绍给中国消费者，双立人锅具在中国一经推出即大获成功。现在双立人在全国各地的高级百货店均设有专柜。<br>    </div><img width='100%' src='https://gdp.alicdn.com/imgextra/i4/2115745306/TB2H15OeVXXXXcOXXXXXXXXXXXX_!!2115745306.jpg'>",No,,,0,,,,,拉链 美容套装包,拉链 美容套装包,拉链 美容套装包 - AUSGER「德藝緻」德國精品百貨,,,Use config,Use config,拉链-美容套装包,,,Product Info Column,,89.95,0,双立人品牌是Peter·Henckels（彼得·亨克斯先生）以双子座作为最初的构想，在德国美丽的莱茵河畔小镇索林根创立的品牌。同时也揭开了这一人类现存最古老商标之一不老传说的序幕。他的后代约翰·阿布雷汉姆·亨克斯将公司名称改成Zwilling J.A.Henckel.US。 双立人拥有超过2000种的不锈钢刀剪餐具、锅具、厨房炊具和个人护理用品，开创了摩登厨房理念，让烹饪成为一种享受，带给人们看得见的完美品质和生活情趣。,,,,,,,1,2,,, , .html,4,1,10,0,1,0,0,1,1,1,0,1,1,,1,0,1,0,1,0,1,0,0,,,,,,,,,,,,,,,,,,,,1,0
Zwilling_42436-000-0,base,Manicure,simple,[Chinese Category]/美妆护肤/美妆工具,base,,,,Zwilling,,,,,Germany,,,,,,"<div class=""std"">
        <h1>双立人 红蓝指甲刀</h1><br>尺寸:全长约78mm, 宽约20mm<br>带指甲锉，刀头可360度旋转，设计合理。<br>弧形手柄完全符合人体工程学设计。<br>剪出的指甲不起毛、不乱飞、指甲切面平整光滑。    </div><img width='100%' src='https://gdp.alicdn.com/imgextra/i4/2115745306/TB2H15OeVXXXXcOXXXXXXXXXXXX_!!2115745306.jpg'>",No,,,0,,,,,指甲刀,指甲刀,指甲刀 - AUSGER「德藝緻」德國精品百貨,,,Use config,Use config,指甲刀,,,Product Info Column,,156.00,0,双立人品牌是Peter·Henckels（彼得·亨克斯先生）以双子座作为最初的构想，在德国美丽的莱茵河畔小镇索林根创立的品牌。同时也揭开了这一人类现存最古老商标之一不老传说的序幕。他的后代约翰·阿布雷汉姆·亨克斯将公司名称改成Zwilling J.A.Henckel.US。 双立人拥有超过2000种的不锈钢刀剪餐具、锅具、厨房炊具和个人护理用品，开创了摩登厨房理念，让烹饪成为一种享受，带给人们看得见的完美品质和生活情趣。,,,,,,,1,2,,,,.html,4,1,10,0,1,0,0,1,1,1,0,1,1,,1,0,1,0,1,0,1,0,0,,,,,,,,,,,,,,,,,,,,1,0
Zwilling_42441-000-0,base,Manicure,simple,[Chinese Category]/美妆护肤/美妆工具,base,,,,Zwilling,,,,,Germany,,,,,,"<div class=""std"">
        <h1>双立人 黑白指甲刀</h1><br>尺寸:长7.8cm,宽1.4cm<br>造型美观，黑白配；(适合情侣,一黑一白,相得益彰)<br>刀口锋利，非常省力好剪，剪完的指甲边缘平滑；长久耐用<br>质感、手感良好<br>自带指甲挫，随时使用    </div><img width='100%' src='https://gdp.alicdn.com/imgextra/i4/2115745306/TB2H15OeVXXXXcOXXXXXXXXXXXX_!!2115745306.jpg'>",No,,,0,,,,,指甲刀,指甲刀,指甲刀 - AUSGER「德藝緻」德國精品百貨,,,Use config,Use config,指甲刀,,,Product Info Column,,166.80,0,双立人品牌是Peter·Henckels（彼得·亨克斯先生）以双子座作为最初的构想，在德国美丽的莱茵河畔小镇索林根创立的品牌。同时也揭开了这一人类现存最古老商标之一不老传说的序幕。他的后代约翰·阿布雷汉姆·亨克斯将公司名称改成Zwilling J.A.Henckel.US。 双立人拥有超过2000种的不锈钢刀剪餐具、锅具、厨房炊具和个人护理用品，开创了摩登厨房理念，让烹饪成为一种享受，带给人们看得见的完美品质和生活情趣。,,,,,,,1,2,,,,.html,4,1,10,0,1,0,0,1,1,1,0,1,1,,1,0,1,0,1,0,1,0,0,,,,,,,,,,,,,,,,,,,,1,0
Zwilling_42451-000-0,base,Manicure,simple,[Chinese Category]/美妆护肤/美妆工具,base,,,,Zwilling,,,,,Germany,,,,,,"<div class=""std"">
        <h1>双立人 红黑 指甲刀</h1><br>尺寸:全长约6.5cm，宽约1.3cm；刃口宽约1cm<br>不带指甲锉，带储甲外壳，时尚漂亮    </div><img width='100%' src='https://gdp.alicdn.com/imgextra/i4/2115745306/TB2H15OeVXXXXcOXXXXXXXXXXXX_!!2115745306.jpg'>",No,,,0,,,,,指甲刀,指甲刀,指甲刀 - AUSGER「德藝緻」德國精品百貨,,,Use config,Use config,指甲刀,,,Product Info Column,,310.80,0,双立人品牌是Peter·Henckels（彼得·亨克斯先生）以双子座作为最初的构想，在德国美丽的莱茵河畔小镇索林根创立的品牌。同时也揭开了这一人类现存最古老商标之一不老传说的序幕。他的后代约翰·阿布雷汉姆·亨克斯将公司名称改成Zwilling J.A.Henckel.US。 双立人拥有超过2000种的不锈钢刀剪餐具、锅具、厨房炊具和个人护理用品，开创了摩登厨房理念，让烹饪成为一种享受，带给人们看得见的完美品质和生活情趣。,,,,,,,1,2,,,,.html,4,1,10,0,1,0,0,1,1,1,0,1,1,,1,0,1,0,1,0,1,0,0,,,,,,,,,,,,,,,,,,,,1,0
Zwilling_47320-091-0,base,Manicure,simple,[Chinese Category]/美妆护肤/美妆工具,base,,,,Zwilling,,,,,Germany,,,,,,"<div class=""std"">
        <h1>双立人 指甲刀</h1><br>公元1731年6月13日，时值西历双子星座,双立人标志在德国莱茵河畔的小镇索林根诞生。由于当时还没有商标局，双立人标志在当地一间教堂内公告。这是人类历史上最古老的商标之一。<br>世界上最好的钢材，艺术之国的工艺设计，日耳曼民族特有的严谨与精湛手工艺……雄心勃勃的双立人早在1783年就建成了自己的炼钢厂与钢材实验室，用来研究不锈钢的组合。<br>双立人的优质刀剪餐具大获成功，几乎囊括了所有世界性的奖项，美誉传遍全球。双立人在德国、西班牙、中国和日本拥有生产基地。<br>除了厨房刀具，各类剪刀各式西餐具外，更逐步延伸至锅具,炊具，不锈钢桌面产品，德国军刀，美甲产品等，成为优质不锈钢制品领域内的行业领导与先锋。<br>继1995年成功设立刀剪餐具工厂后，2001年德国双立人又在中国成立锅具合资公司，将世界级的锅具产品介绍给中国消费者，双立人锅具在中国一经推出即大获成功。现在双立人在全国各地的高级百货店均设有专柜。<br>    </div><img width='100%' src='https://gdp.alicdn.com/imgextra/i4/2115745306/TB2H15OeVXXXXcOXXXXXXXXXXXX_!!2115745306.jpg'>",No,,,0,,,,,指甲刀,指甲刀,指甲刀 - AUSGER「德藝緻」德國精品百貨,,,Use config,Use config,指甲刀,,,Product Info Column,,25.95,0,双立人品牌是Peter·Henckels（彼得·亨克斯先生）以双子座作为最初的构想，在德国美丽的莱茵河畔小镇索林根创立的品牌。同时也揭开了这一人类现存最古老商标之一不老传说的序幕。他的后代约翰·阿布雷汉姆·亨克斯将公司名称改成Zwilling J.A.Henckel.US。 双立人拥有超过2000种的不锈钢刀剪餐具、锅具、厨房炊具和个人护理用品，开创了摩登厨房理念，让烹饪成为一种享受，带给人们看得见的完美品质和生活情趣。,,,,,,,1,2,,,,.html,4,1,10,0,1,0,0,1,1,1,0,1,1,,1,0,1,0,1,0,1,0,0,,,,,,,,,,,,,,,,,,,,1,0
Zwilling_42476-001-0,base,Manicure,simple,[Chinese Category]/美妆护肤/美妆工具,base,,,,Zwilling,,,,,Germany,,,,,,"<div class=""std"">
        <h1>双立人 指甲钳</h1><br>全不锈钢锻造，亚光，在任何潮湿环境下也不会生锈<br><h3>产品特性:</h3>尖头儿钳口设计，可深入指甲缝，修剪指甲边角；<br>钳刃锋利，轻松剪断灰指甲、厚指甲等顽固指甲；<br>握柄宽厚，握感牢靠；设计合理，省力好剪；<br>全不锈钢锻造，永不生锈，经久耐用!    </div><img width='100%' src='https://gdp.alicdn.com/imgextra/i4/2115745306/TB2H15OeVXXXXcOXXXXXXXXXXXX_!!2115745306.jpg'>",No,,,0,,,,,指甲钳,指甲钳,指甲钳 - AUSGER「德藝緻」德國精品百貨,,,Use config,Use config,指甲钳,,,Product Info Column,,45.95,0,双立人品牌是Peter·Henckels（彼得·亨克斯先生）以双子座作为最初的构想，在德国美丽的莱茵河畔小镇索林根创立的品牌。同时也揭开了这一人类现存最古老商标之一不老传说的序幕。他的后代约翰·阿布雷汉姆·亨克斯将公司名称改成Zwilling J.A.Henckel.US。 双立人拥有超过2000种的不锈钢刀剪餐具、锅具、厨房炊具和个人护理用品，开创了摩登厨房理念，让烹饪成为一种享受，带给人们看得见的完美品质和生活情趣。,,,,,,,1,2,,,,.html,4,1,10,0,1,0,0,1,1,1,0,1,1,,1,0,1,0,1,0,1,0,0,,,,,,,,,,,,,,,,,,,,1,0
Zwilling_42457-101-0,base,Manicure,simple,[Chinese Category]/美妆护肤/美妆工具,base,,,,Zwilling,,,,,Germany,,,,,,"<div class=""std"">
        <h1>双立人 脚指甲/甲沟炎/灰指甲钳</h1><br>尺寸:总长120mm, 4 1/2"", 钳口儿刃长10mm, 钳子最大张开角度120度<br>全不锈钢锻造，亚光，在任何潮湿环境下也不会生锈<br><h3>产品特性:</h3>尖头儿钳口设计，可深入指甲缝，修剪指甲边角；<br>钳刃锋利，轻松剪断灰指甲、厚指甲等顽固指甲；<br>握柄宽厚，握感牢靠；设计合理，省力好剪；<br>全不锈钢锻造，永不生锈，经久耐用!    </div><img width='100%' src='https://gdp.alicdn.com/imgextra/i4/2115745306/TB2H15OeVXXXXcOXXXXXXXXXXXX_!!2115745306.jpg'>",No,,,0,,,,,指甲钳,指甲钳,指甲钳 - AUSGER「德藝緻」德國精品百貨,,,Use config,Use config,指甲钳,,,Product Info Column,,73.95,0,双立人品牌是Peter·Henckels（彼得·亨克斯先生）以双子座作为最初的构想，在德国美丽的莱茵河畔小镇索林根创立的品牌。同时也揭开了这一人类现存最古老商标之一不老传说的序幕。他的后代约翰·阿布雷汉姆·亨克斯将公司名称改成Zwilling J.A.Henckel.US。 双立人拥有超过2000种的不锈钢刀剪餐具、锅具、厨房炊具和个人护理用品，开创了摩登厨房理念，让烹饪成为一种享受，带给人们看得见的完美品质和生活情趣。,,,,,,,1,2,,,,.html,4,1,10,0,1,0,0,1,1,1,0,1,1,,1,0,1,0,1,0,1,0,0,,,,,,,,,,,,,,,,,,,,1,0
Zwilling_97496-004-0,base,Manicure,simple,[Chinese Category]/美妆护肤/美妆工具,base,,,,Zwilling,,,,,Germany,,,,,,"<div class=""std"">
        <h1>双立人 小羊皮钱包 附超薄全钢指甲刀</h1><br>德国进口，头层牛皮钱包，一流手感，配套新款超薄指甲钳，实为自用及送礼佳品    </div><img width='100%' src='https://gdp.alicdn.com/imgextra/i4/2115745306/TB2H15OeVXXXXcOXXXXXXXXXXXX_!!2115745306.jpg'>",No,,,0,,,,,男士钱包 含指甲刀,男士钱包 含指甲刀,男士钱包 含指甲刀 - AUSGER「德藝緻」德國精品百貨,,,Use config,Use config,男士钱包-含指甲刀,,,Product Info Column,,74.95,0,双立人品牌是Peter·Henckels（彼得·亨克斯先生）以双子座作为最初的构想，在德国美丽的莱茵河畔小镇索林根创立的品牌。同时也揭开了这一人类现存最古老商标之一不老传说的序幕。他的后代约翰·阿布雷汉姆·亨克斯将公司名称改成Zwilling J.A.Henckel.US。 双立人拥有超过2000种的不锈钢刀剪餐具、锅具、厨房炊具和个人护理用品，开创了摩登厨房理念，让烹饪成为一种享受，带给人们看得见的完美品质和生活情趣。,,,,,,,1,2,,, , .html,4,1,10,0,1,0,0,1,1,1,0,1,1,,1,0,1,0,1,0,1,0,0,,,,,,,,,,,,,,,,,,,,1,0
Zwilling_49553-091-0,base,Manicure,simple,[Chinese Category]/美妆护肤/美妆工具,base,,,,Zwilling,,,,,Germany,,,,,,"<div class=""std"">
        <h1>双立人 死皮剪 尖头</h1><br>公元1731年6月13日，时值西历双子星座,双立人标志在德国莱茵河畔的小镇索林根诞生。由于当时还没有商标局，双立人标志在当地一间教堂内公告。这是人类历史上最古老的商标之一。<br>世界上最好的钢材，艺术之国的工艺设计，日耳曼民族特有的严谨与精湛手工艺……雄心勃勃的双立人早在1783年就建成了自己的炼钢厂与钢材实验室，用来研究不锈钢的组合。<br>双立人的优质刀剪餐具大获成功，几乎囊括了所有世界性的奖项，美誉传遍全球。双立人在德国、西班牙、中国和日本拥有生产基地。<br>除了厨房刀具，各类剪刀各式西餐具外，更逐步延伸至锅具,炊具，不锈钢桌面产品，德国军刀，美甲产品等，成为优质不锈钢制品领域内的行业领导与先锋。<br>继1995年成功设立刀剪餐具工厂后，2001年德国双立人又在中国成立锅具合资公司，将世界级的锅具产品介绍给中国消费者，双立人锅具在中国一经推出即大获成功。现在双立人在全国各地的高级百货店均设有专柜。<br>    </div><img width='100%' src='https://gdp.alicdn.com/imgextra/i4/2115745306/TB2H15OeVXXXXcOXXXXXXXXXXXX_!!2115745306.jpg'>",No,,,0,,,,,美容剪 尖头,美容剪 尖头,美容剪 尖头 - AUSGER「德藝緻」德國精品百貨,,,Use config,Use config,美容剪-尖头,,,Product Info Column,,39.95,0,双立人品牌是Peter·Henckels（彼得·亨克斯先生）以双子座作为最初的构想，在德国美丽的莱茵河畔小镇索林根创立的品牌。同时也揭开了这一人类现存最古老商标之一不老传说的序幕。他的后代约翰·阿布雷汉姆·亨克斯将公司名称改成Zwilling J.A.Henckel.US。 双立人拥有超过2000种的不锈钢刀剪餐具、锅具、厨房炊具和个人护理用品，开创了摩登厨房理念，让烹饪成为一种享受，带给人们看得见的完美品质和生活情趣。,,,,,,,1,2,,, , .html,4,1,10,0,1,0,0,1,1,1,0,1,1,,1,0,1,0,1,0,1,0,0,,,,,,,,,,,,,,,,,,,,1,0
Zwilling_97269-004-0,base,Manicure,simple,[Chinese Category]/美妆护肤/美妆工具,base,,,,Zwilling,,,,,Germany,,,,,,"<div class=""std"">
        <h1>双立人 亚洲美手套美甲4件套 黑色</h1><br>尺寸:70X115mm<br>包括：指甲钳，表皮剪，指甲锉以及眉镊。<br>双立人的品质工艺与上乘不锈钢材料相结合，造就了经久不衰的TWINOX®系列双立人美甲产品；结合德国、意大利、中国设计师智慧，凭借超过280年的技术和经验，为中国市场量身定做亚洲美手套装。1、选用最高级别的优质钢材双立人的美甲工具采用上乘材质，由优质的18/10医用不锈钢制成。医用不锈钢密度高，清洁、卫生、坚固，其中的18/10代表稀有金属镉和镍的比例为18:10。 2、完美的工艺，整齐光滑的表面和边缘经过以冰锻为代表的双立人专利技术等30多道精密工艺锻造，经历岁月洗涤愈显经典，历久而弥新。表面抛光均匀光滑，刀刃无比锋利。所有产品都没有表面接缝。3、设计巧妙，性能优越双立人的手部护理产品，是多国设计师德智慧结晶，产品设计符合人体工程学，使用轻便、简单多次获得IF产品设计大奖的推崇。4、持久耐用正常使用的情况下双立人的产品至少有十年的使用寿命，且双立人提供免费维修等售后服务，比市面上普通的美甲产品多出两到三倍的使用寿命。5、提供多样选择尊贵套装送礼体面有品位，适合个人使用或收藏，经久耐用。    </div><img width='100%' src='https://gdp.alicdn.com/imgextra/i4/2115745306/TB2H15OeVXXXXcOXXXXXXXXXXXX_!!2115745306.jpg'>",No,,,0,,,,,美容套装包,美容套装包,美容套装包 - AUSGER「德藝緻」德國精品百貨,,,Use config,Use config,美容套装包,,,Product Info Column,,139.00,0,双立人品牌是Peter·Henckels（彼得·亨克斯先生）以双子座作为最初的构想，在德国美丽的莱茵河畔小镇索林根创立的品牌。同时也揭开了这一人类现存最古老商标之一不老传说的序幕。他的后代约翰·阿布雷汉姆·亨克斯将公司名称改成Zwilling J.A.Henckel.US。 双立人拥有超过2000种的不锈钢刀剪餐具、锅具、厨房炊具和个人护理用品，开创了摩登厨房理念，让烹饪成为一种享受，带给人们看得见的完美品质和生活情趣。,,,,,,,1,2,,,,.html,4,1,10,0,1,0,0,1,1,1,0,1,1,,1,0,1,0,1,0,1,0,0,,,,,,,,,,,,,,,,,,,,1,0
Zwilling_97386-003-0,base,Manicure,simple,[Chinese Category]/美妆护肤/美妆工具,base,,,,Zwilling,,,,,Germany,,,,,,"<div class=""std"">
        <h1>双立人 亚洲美手套，3件套，紫色</h1><br>内含:眉镊，指甲及表皮剪，指甲锉<br>公元1731年6月13日，时值西历双子星座,双立人标志在德国莱茵河畔的小镇索林根诞生。由于当时还没有商标局，双立人标志在当地一间教堂内公告。这是人类历史上最古老的商标之一。<br>世界上最好的钢材，艺术之国的工艺设计，日耳曼民族特有的严谨与精湛手工艺……雄心勃勃的双立人早在1783年就建成了自己的炼钢厂与钢材实验室，用来研究不锈钢的组合。<br>双立人的优质刀剪餐具大获成功，几乎囊括了所有世界性的奖项，美誉传遍全球。双立人在德国、西班牙、中国和日本拥有生产基地。<br>除了厨房刀具，各类剪刀各式西餐具外，更逐步延伸至锅具,炊具，不锈钢桌面产品，德国军刀，美甲产品等，成为优质不锈钢制品领域内的行业领导与先锋。<br>继1995年成功设立刀剪餐具工厂后，2001年德国双立人又在中国成立锅具合资公司，将世界级的锅具产品介绍给中国消费者，双立人锅具在中国一经推出即大获成功。现在双立人在全国各地的高级百货店均设有专柜。<br>    </div><img width='100%' src='https://gdp.alicdn.com/imgextra/i4/2115745306/TB2H15OeVXXXXcOXXXXXXXXXXXX_!!2115745306.jpg'>",No,,,0,,,,,美容套装包,美容套装包,美容套装包 - AUSGER「德藝緻」德國精品百貨,,,Use config,Use config,美容套装包,,,Product Info Column,,39.95,0,双立人品牌是Peter·Henckels（彼得·亨克斯先生）以双子座作为最初的构想，在德国美丽的莱茵河畔小镇索林根创立的品牌。同时也揭开了这一人类现存最古老商标之一不老传说的序幕。他的后代约翰·阿布雷汉姆·亨克斯将公司名称改成Zwilling J.A.Henckel.US。 双立人拥有超过2000种的不锈钢刀剪餐具、锅具、厨房炊具和个人护理用品，开创了摩登厨房理念，让烹饪成为一种享受，带给人们看得见的完美品质和生活情趣。,,,,,,,1,2,,,,.html,4,1,10,0,1,0,0,1,1,1,0,1,1,,1,0,1,0,1,0,1,0,0,,,,,,,,,,,,,,,,,,,,1,0
Zwilling_97509-004-0,base,Manicure,simple,[Chinese Category]/美妆护肤/美妆工具,base,,,,Zwilling,,,,,Germany,,,,,,"<div class=""std"">
        <h1>双立人 亮光不锈钢美甲10件套</h1><br>美甲工具为亮光不锈钢，收纳盒是牛皮压鳄鱼纹材质    </div><img width='100%' src='https://gdp.alicdn.com/imgextra/i4/2115745306/TB2H15OeVXXXXcOXXXXXXXXXXXX_!!2115745306.jpg'>",No,,,0,,,,,美容套装包 10件套 含钱包,美容套装包 10件套 含钱包,美容套装包 10件套 含钱包 - AUSGER「德藝緻」德國精品百貨,,,Use config,Use config,美容套装包-10件套-含钱包,,,Product Info Column,,189.00,0,双立人品牌是Peter·Henckels（彼得·亨克斯先生）以双子座作为最初的构想，在德国美丽的莱茵河畔小镇索林根创立的品牌。同时也揭开了这一人类现存最古老商标之一不老传说的序幕。他的后代约翰·阿布雷汉姆·亨克斯将公司名称改成Zwilling J.A.Henckel.US。 双立人拥有超过2000种的不锈钢刀剪餐具、锅具、厨房炊具和个人护理用品，开创了摩登厨房理念，让烹饪成为一种享受，带给人们看得见的完美品质和生活情趣。,,,,,,,1,2,,, 10 , 10 .html,4,1,10,0,1,0,0,1,1,1,0,1,1,,1,0,1,0,1,0,1,0,0,,,,,,,,,,,,,,,,,,,,1,0
Zwilling_97529-007-0,base,Manicure,simple,[Chinese Category]/美妆护肤/美妆工具,base,,,,Zwilling,,,,,Germany,,,,,,"<div class=""std"">
        <h1>美容套装包 拉链 牛皮, 5件套, 棕色</h1><br>公元1731年6月13日，时值西历双子星座,双立人标志在德国莱茵河畔的小镇索林根诞生。由于当时还没有商标局，双立人标志在当地一间教堂内公告。这是人类历史上最古老的商标之一。<br>世界上最好的钢材，艺术之国的工艺设计，日耳曼民族特有的严谨与精湛手工艺……雄心勃勃的双立人早在1783年就建成了自己的炼钢厂与钢材实验室，用来研究不锈钢的组合。<br>双立人的优质刀剪餐具大获成功，几乎囊括了所有世界性的奖项，美誉传遍全球。双立人在德国、西班牙、中国和日本拥有生产基地。<br>除了厨房刀具，各类剪刀各式西餐具外，更逐步延伸至锅具,炊具，不锈钢桌面产品，德国军刀，美甲产品等，成为优质不锈钢制品领域内的行业领导与先锋。<br>继1995年成功设立刀剪餐具工厂后，2001年德国双立人又在中国成立锅具合资公司，将世界级的锅具产品介绍给中国消费者，双立人锅具在中国一经推出即大获成功。现在双立人在全国各地的高级百货店均设有专柜。<br>    </div><img width='100%' src='https://gdp.alicdn.com/imgextra/i4/2115745306/TB2H15OeVXXXXcOXXXXXXXXXXXX_!!2115745306.jpg'>",No,,,0,,,,,"美容套装包 拉链 牛皮, 5件套, 棕色                ","美容套装包 拉链 牛皮, 5件套, 棕色                ","美容套装包 拉链 牛皮, 5件套, 棕色                 - AUSGER「德藝緻」德國精品百貨",,,Use config,Use config,美容套装包-拉链-牛皮-5件套-棕色-,,,Product Info Column,,149.00,0,双立人品牌是Peter·Henckels（彼得·亨克斯先生）以双子座作为最初的构想，在德国美丽的莱茵河畔小镇索林根创立的品牌。同时也揭开了这一人类现存最古老商标之一不老传说的序幕。他的后代约翰·阿布雷汉姆·亨克斯将公司名称改成Zwilling J.A.Henckel.US。 双立人拥有超过2000种的不锈钢刀剪餐具、锅具、厨房炊具和个人护理用品，开创了摩登厨房理念，让烹饪成为一种享受，带给人们看得见的完美品质和生活情趣。,,,,,,,1,2,,,"  , 5,                 ","  , 5,                 .html",4,1,10,0,1,0,0,1,1,1,0,1,1,,1,0,1,0,1,0,1,0,0,,,,,,,,,,,,,,,,,,,,1,0
Zwilling_97451-004-0,base,Manicure,simple,[Chinese Category]/美妆护肤/美妆工具,base,,,,Zwilling,,,,,Germany,,,,,,"<div class=""std"">
        <h1>双立人 美容套装包 4件套, 黑色</h1><br>公元1731年6月13日，时值西历双子星座,双立人标志在德国莱茵河畔的小镇索林根诞生。由于当时还没有商标局，双立人标志在当地一间教堂内公告。这是人类历史上最古老的商标之一。<br>世界上最好的钢材，艺术之国的工艺设计，日耳曼民族特有的严谨与精湛手工艺……雄心勃勃的双立人早在1783年就建成了自己的炼钢厂与钢材实验室，用来研究不锈钢的组合。<br>双立人的优质刀剪餐具大获成功，几乎囊括了所有世界性的奖项，美誉传遍全球。双立人在德国、西班牙、中国和日本拥有生产基地。<br>除了厨房刀具，各类剪刀各式西餐具外，更逐步延伸至锅具,炊具，不锈钢桌面产品，德国军刀，美甲产品等，成为优质不锈钢制品领域内的行业领导与先锋。<br>继1995年成功设立刀剪餐具工厂后，2001年德国双立人又在中国成立锅具合资公司，将世界级的锅具产品介绍给中国消费者，双立人锅具在中国一经推出即大获成功。现在双立人在全国各地的高级百货店均设有专柜。<br>    </div><img width='100%' src='https://gdp.alicdn.com/imgextra/i4/2115745306/TB2H15OeVXXXXcOXXXXXXXXXXXX_!!2115745306.jpg'>",No,,,0,,,,,"美容套装包 摁钮 4件套, 黑色","美容套装包 摁钮 4件套, 黑色","美容套装包 摁钮 4件套, 黑色 - AUSGER「德藝緻」德國精品百貨",,,Use config,Use config,美容套装包-摁钮-4件套-黑色,,,Product Info Column,,69.95,0,双立人品牌是Peter·Henckels（彼得·亨克斯先生）以双子座作为最初的构想，在德国美丽的莱茵河畔小镇索林根创立的品牌。同时也揭开了这一人类现存最古老商标之一不老传说的序幕。他的后代约翰·阿布雷汉姆·亨克斯将公司名称改成Zwilling J.A.Henckel.US。 双立人拥有超过2000种的不锈钢刀剪餐具、锅具、厨房炊具和个人护理用品，开创了摩登厨房理念，让烹饪成为一种享受，带给人们看得见的完美品质和生活情趣。,,,,,,,1,2,,,"  4, ","  4, .html",4,1,10,0,1,0,0,1,1,1,0,1,1,,1,0,1,0,1,0,1,0,0,,,,,,,,,,,,,,,,,,,,1,0
Zwilling_97098-004-0,base,Manicure,simple,[Chinese Category]/美妆护肤/美妆工具,base,,,,Zwilling,,,,,Germany,,,,,,"<div class=""std"">
        <h1>双立人 美容套装包, 牛皮 Spazzolato, 黑色, 3件套</h1><br>公元1731年6月13日，时值西历双子星座,双立人标志在德国莱茵河畔的小镇索林根诞生。由于当时还没有商标局，双立人标志在当地一间教堂内公告。这是人类历史上最古老的商标之一。<br>世界上最好的钢材，艺术之国的工艺设计，日耳曼民族特有的严谨与精湛手工艺……雄心勃勃的双立人早在1783年就建成了自己的炼钢厂与钢材实验室，用来研究不锈钢的组合。<br>双立人的优质刀剪餐具大获成功，几乎囊括了所有世界性的奖项，美誉传遍全球。双立人在德国、西班牙、中国和日本拥有生产基地。<br>除了厨房刀具，各类剪刀各式西餐具外，更逐步延伸至锅具,炊具，不锈钢桌面产品，德国军刀，美甲产品等，成为优质不锈钢制品领域内的行业领导与先锋。<br>继1995年成功设立刀剪餐具工厂后，2001年德国双立人又在中国成立锅具合资公司，将世界级的锅具产品介绍给中国消费者，双立人锅具在中国一经推出即大获成功。现在双立人在全国各地的高级百货店均设有专柜。<br>    </div><img width='100%' src='https://gdp.alicdn.com/imgextra/i4/2115745306/TB2H15OeVXXXXcOXXXXXXXXXXXX_!!2115745306.jpg'>",No,,,0,,,,,"美容套装包, 牛皮 Spazzolato, 黑色, 3件套","美容套装包, 牛皮 Spazzolato, 黑色, 3件套","美容套装包, 牛皮 Spazzolato, 黑色, 3件套 - AUSGER「德藝緻」德國精品百貨",,,Use config,Use config,美容套装包-牛皮-Spazzolato-黑色-3件套,,,Product Info Column,,92.95,0,双立人品牌是Peter·Henckels（彼得·亨克斯先生）以双子座作为最初的构想，在德国美丽的莱茵河畔小镇索林根创立的品牌。同时也揭开了这一人类现存最古老商标之一不老传说的序幕。他的后代约翰·阿布雷汉姆·亨克斯将公司名称改成Zwilling J.A.Henckel.US。 双立人拥有超过2000种的不锈钢刀剪餐具、锅具、厨房炊具和个人护理用品，开创了摩登厨房理念，让烹饪成为一种享受，带给人们看得见的完美品质和生活情趣。,,,,,,,1,2,,,",  Spazzolato, , 3",",  Spazzolato, , 3.html",4,1,10,0,1,0,0,1,1,1,0,1,1,,1,0,1,0,1,0,1,0,0,,,,,,,,,,,,,,,,,,,,1,0
Zwilling_97547-004-0,base,Manicure,simple,[Chinese Category]/美妆护肤/美妆工具,base,,,,Zwilling,,,,,Germany,,,,,,"<div class=""std"">
        <h1>双立人 超薄指甲刀+手动鼻毛器套装</h1><br>尺寸:指甲刀长度60mm, 宽度13mm,厚度3.5mm　耳鼻毛器长度6cm<br><h3>特点:</h3>1、 设计精巧的圆形刀头，轻松修剪不雅的耳鼻毛。较之电动产品，长久使用不会划伤鼻腔,无拉扯疼痛,无毛屑残留引发喷嚏,终身使用,永远不会坏。<br>2、 圆柱状设计，更小巧，携带方便且安全；塑料管保护修剪器抗震防摔,不被划伤,且更加卫生。<br>3、 长久使用，无需磨刃。<br>4、 量身定制的透明塑料管,使携带更方便,卫生。<br>5、 200年精钢制品制造经验，世界领先，独一无二，是双立人的经典产品，目前仅德国有售。    </div><img width='100%' src='https://gdp.alicdn.com/imgextra/i4/2115745306/TB2H15OeVXXXXcOXXXXXXXXXXXX_!!2115745306.jpg'>",No,,,0,,,,,"耳鼻毛剪皮革包套装, N&O ","耳鼻毛剪皮革包套装, N&O ","耳鼻毛剪皮革包套装, N&O  - AUSGER「德藝緻」德國精品百貨",,,Use config,Use config,耳鼻毛剪皮革包套装-N&O-,,,Product Info Column,,69.95,0,双立人品牌是Peter·Henckels（彼得·亨克斯先生）以双子座作为最初的构想，在德国美丽的莱茵河畔小镇索林根创立的品牌。同时也揭开了这一人类现存最古老商标之一不老传说的序幕。他的后代约翰·阿布雷汉姆·亨克斯将公司名称改成Zwilling J.A.Henckel.US。 双立人拥有超过2000种的不锈钢刀剪餐具、锅具、厨房炊具和个人护理用品，开创了摩登厨房理念，让烹饪成为一种享受，带给人们看得见的完美品质和生活情趣。,,,,,,,1,2,,,", N&O ",", N&O .html",4,1,10,0,1,0,0,1,1,1,0,1,1,,1,0,1,0,1,0,1,0,0,,,,,,,,,,,,,,,,,,,,1,0
Zwilling_79850-001-0,base,Manicure,simple,[Chinese Category]/美妆护肤/美妆工具,base,,,,Zwilling,,,,,Germany,,,,,,"<div class=""std"">
        <h1>双立人 耳鼻毛修剪器</h1><br>尺寸:50*30mm<br><h3>特 点:</h3>1、 设计精巧的圆形刀头，轻松修剪不雅耳鼻毛。较之电动产品，绝无毛屑残留引发喷嚏。<br>2、 体积小，携带方便且安全<br>3、 长久使用，无需磨刃<br><h3>使用说明：</h3>1、使用前清洁鼻孔，使用后耳鼻毛修剪器尽快清洗<br>2、可拆开，用清水洗净，甩干，置于通风处干燥<br>3、不会划伤鼻腔内壁，不会引起打喷嚏（比较电动修剪器而言）    </div><img width='100%' src='https://gdp.alicdn.com/imgextra/i4/2115745306/TB2H15OeVXXXXcOXXXXXXXXXXXX_!!2115745306.jpg'>",No,,,0,,,,,鼻毛剪,鼻毛剪,鼻毛剪 - AUSGER「德藝緻」德國精品百貨,,,Use config,Use config,鼻毛剪,,,Product Info Column,,35.95,0,双立人品牌是Peter·Henckels（彼得·亨克斯先生）以双子座作为最初的构想，在德国美丽的莱茵河畔小镇索林根创立的品牌。同时也揭开了这一人类现存最古老商标之一不老传说的序幕。他的后代约翰·阿布雷汉姆·亨克斯将公司名称改成Zwilling J.A.Henckel.US。 双立人拥有超过2000种的不锈钢刀剪餐具、锅具、厨房炊具和个人护理用品，开创了摩登厨房理念，让烹饪成为一种享受，带给人们看得见的完美品质和生活情趣。,,,,,,,1,2,,,,.html,4,1,10,0,1,0,0,1,1,1,0,1,1,,1,0,1,0,1,0,1,0,0,,,,,,,,,,,,,,,,,,,,1,0
Zwilling_42441-400-0,base,Manicure,simple,[Chinese Category]/美妆护肤/美妆工具,base,,,,Zwilling,,,,,Germany,,,,,,"<div class=""std"">
        description    </div><img width='100%' src='https://gdp.alicdn.com/imgextra/i4/2115745306/TB2H15OeVXXXXcOXXXXXXXXXXXX_!!2115745306.jpg'>",No,,,0,,,,," Nagelknipser, rostfrei, schwarz/rot"," Nagelknipser, rostfrei, schwarz/rot"," Nagelknipser, rostfrei, schwarz/rot - AUSGER「德藝緻」德國精品百貨",,,Use config,Use config,-Nagelknipser-rostfrei-schwarz-rot,,,Product Info Column,,166.80,0,双立人品牌是Peter·Henckels（彼得·亨克斯先生）以双子座作为最初的构想，在德国美丽的莱茵河畔小镇索林根创立的品牌。同时也揭开了这一人类现存最古老商标之一不老传说的序幕。他的后代约翰·阿布雷汉姆·亨克斯将公司名称改成Zwilling J.A.Henckel.US。 双立人拥有超过2000种的不锈钢刀剪餐具、锅具、厨房炊具和个人护理用品，开创了摩登厨房理念，让烹饪成为一种享受，带给人们看得见的完美品质和生活情趣。,,,,,,,1,2,,," Nagelknipser, rostfrei, schwarz/rot"," Nagelknipser, rostfrei, schwarz/rot.html",4,1,10,0,1,0,0,1,1,1,0,1,1,,1,0,1,0,1,0,1,0,0,,,,,,,,,,,,,,,,,,,,1,0
Zwilling_97514-006-0,base,Manicure,simple,[Chinese Category]/美妆护肤/美妆工具,base,,,,Zwilling,,,,,Germany,,,,,,"<div class=""std"">
        <h1>双立人  Kulturtasche</h1><br>公元1731年6月13日，时值西历双子星座,双立人标志在德国莱茵河畔的小镇索林根诞生。由于当时还没有商标局，双立人标志在当地一间教堂内公告。这是人类历史上最古老的商标之一。<br>世界上最好的钢材，艺术之国的工艺设计，日耳曼民族特有的严谨与精湛手工艺……雄心勃勃的双立人早在1783年就建成了自己的炼钢厂与钢材实验室，用来研究不锈钢的组合。<br>双立人的优质刀剪餐具大获成功，几乎囊括了所有世界性的奖项，美誉传遍全球。双立人在德国、西班牙、中国和日本拥有生产基地。<br>除了厨房刀具，各类剪刀各式西餐具外，更逐步延伸至锅具,炊具，不锈钢桌面产品，德国军刀，美甲产品等，成为优质不锈钢制品领域内的行业领导与先锋。<br>继1995年成功设立刀剪餐具工厂后，2001年德国双立人又在中国成立锅具合资公司，将世界级的锅具产品介绍给中国消费者，双立人锅具在中国一经推出即大获成功。现在双立人在全国各地的高级百货店均设有专柜。<br>    </div><img width='100%' src='https://gdp.alicdn.com/imgextra/i4/2115745306/TB2H15OeVXXXXcOXXXXXXXXXXXX_!!2115745306.jpg'>",No,,,0,,,,,Kulturtasche,Kulturtasche,Kulturtasche - AUSGER「德藝緻」德國精品百貨,,,Use config,Use config,Kulturtasche,,,Product Info Column,,399.00,0,双立人品牌是Peter·Henckels（彼得·亨克斯先生）以双子座作为最初的构想，在德国美丽的莱茵河畔小镇索林根创立的品牌。同时也揭开了这一人类现存最古老商标之一不老传说的序幕。他的后代约翰·阿布雷汉姆·亨克斯将公司名称改成Zwilling J.A.Henckel.US。 双立人拥有超过2000种的不锈钢刀剪餐具、锅具、厨房炊具和个人护理用品，开创了摩登厨房理念，让烹饪成为一种享受，带给人们看得见的完美品质和生活情趣。,,,,,,,1,2,,,Kulturtasche,Kulturtasche.html,4,1,10,0,1,0,0,1,1,1,0,1,1,,1,0,1,0,1,0,1,0,0,,,,,,,,,,,,,,,,,,,,1,0
Zwilling_97317-006-0,base,Manicure,simple,[Chinese Category]/美妆护肤/美妆工具,base,,,,Zwilling,,,,,Germany,,,,,,"<div class=""std"">
        <h1>双立人 Manicure 美容套装包 立式</h1><br>公元1731年6月13日，时值西历双子星座,双立人标志在德国莱茵河畔的小镇索林根诞生。由于当时还没有商标局，双立人标志在当地一间教堂内公告。这是人类历史上最古老的商标之一。<br>世界上最好的钢材，艺术之国的工艺设计，日耳曼民族特有的严谨与精湛手工艺……雄心勃勃的双立人早在1783年就建成了自己的炼钢厂与钢材实验室，用来研究不锈钢的组合。<br>双立人的优质刀剪餐具大获成功，几乎囊括了所有世界性的奖项，美誉传遍全球。双立人在德国、西班牙、中国和日本拥有生产基地。<br>除了厨房刀具，各类剪刀各式西餐具外，更逐步延伸至锅具,炊具，不锈钢桌面产品，德国军刀，美甲产品等，成为优质不锈钢制品领域内的行业领导与先锋。<br>继1995年成功设立刀剪餐具工厂后，2001年德国双立人又在中国成立锅具合资公司，将世界级的锅具产品介绍给中国消费者，双立人锅具在中国一经推出即大获成功。现在双立人在全国各地的高级百货店均设有专柜。<br>    </div><img width='100%' src='https://gdp.alicdn.com/imgextra/i4/2115745306/TB2H15OeVXXXXcOXXXXXXXXXXXX_!!2115745306.jpg'>",No,,,0,,,,,Manicure 美容套装包 立式,Manicure 美容套装包 立式,Manicure 美容套装包 立式 - AUSGER「德藝緻」德國精品百貨,,,Use config,Use config,Manicure-美容套装包-立式,,,Product Info Column,,89.00,0,双立人品牌是Peter·Henckels（彼得·亨克斯先生）以双子座作为最初的构想，在德国美丽的莱茵河畔小镇索林根创立的品牌。同时也揭开了这一人类现存最古老商标之一不老传说的序幕。他的后代约翰·阿布雷汉姆·亨克斯将公司名称改成Zwilling J.A.Henckel.US。 双立人拥有超过2000种的不锈钢刀剪餐具、锅具、厨房炊具和个人护理用品，开创了摩登厨房理念，让烹饪成为一种享受，带给人们看得见的完美品质和生活情趣。,,,,,,,1,2,,,Manicure  ,Manicure  .html,4,1,10,0,1,0,0,1,1,1,0,1,1,,1,0,1,0,1,0,1,0,0,,,,,,,,,,,,,,,,,,,,1,0
Zwilling_97101-004-0,base,Manicure,simple,[Chinese Category]/美妆护肤/美妆工具,base,,,,Zwilling,,,,,Germany,,,,,,"<div class=""std"">
        <h1>双立人 Manicure 亚洲美手套5件套, 黑色</h1><br>尺寸:皮夹尺寸：110 x 70 mm<br><h3>内含五件:</h3>眉毛镊子：90 mm / 3.5 ""<br>全钢銼刀：130 mm / 5 ""<br>修皮剪：31/2"" 90 mm / 3.5""<br>双头推修器：130 mm / 5 ""<br>指甲剪：60mm*13mm*4.5mm<br>精选意大利牛皮，全不锈钢WINOX配件    </div><img width='100%' src='https://gdp.alicdn.com/imgextra/i4/2115745306/TB2H15OeVXXXXcOXXXXXXXXXXXX_!!2115745306.jpg'>",No,,,0,,,,,"Manicure 美容套装包, 黑色","Manicure 美容套装包, 黑色","Manicure 美容套装包, 黑色 - AUSGER「德藝緻」德國精品百貨",,,Use config,Use config,Manicure-美容套装包-黑色,,,Product Info Column,,179.00,0,双立人品牌是Peter·Henckels（彼得·亨克斯先生）以双子座作为最初的构想，在德国美丽的莱茵河畔小镇索林根创立的品牌。同时也揭开了这一人类现存最古老商标之一不老传说的序幕。他的后代约翰·阿布雷汉姆·亨克斯将公司名称改成Zwilling J.A.Henckel.US。 双立人拥有超过2000种的不锈钢刀剪餐具、锅具、厨房炊具和个人护理用品，开创了摩登厨房理念，让烹饪成为一种享受，带给人们看得见的完美品质和生活情趣。,,,,,,,1,2,,,"Manicure , ","Manicure , .html",4,1,10,0,1,0,0,1,1,1,0,1,1,,1,0,1,0,1,0,1,0,0,,,,,,,,,,,,,,,,,,,,1,0
Zwilling_42422-001,base,Manicure,simple,[Chinese Category]/美妆护肤/美妆工具,base,,,,Zwilling,,,,,Germany,,,,,,"<div class=""std"">
        Zwilling Beauty    </div><img width='100%' src='https://gdp.alicdn.com/imgextra/i4/2115745306/TB2H15OeVXXXXcOXXXXXXXXXXXX_!!2115745306.jpg'>",No,,,0,,,,,Nagelknipser,Nagelknipser,Nagelknipser - AUSGER「德藝緻」德國精品百貨,,,Use config,Use config,Nagelknipser,,,Product Info Column,,17.95,0,双立人品牌是Peter·Henckels（彼得·亨克斯先生）以双子座作为最初的构想，在德国美丽的莱茵河畔小镇索林根创立的品牌。同时也揭开了这一人类现存最古老商标之一不老传说的序幕。他的后代约翰·阿布雷汉姆·亨克斯将公司名称改成Zwilling J.A.Henckel.US。 双立人拥有超过2000种的不锈钢刀剪餐具、锅具、厨房炊具和个人护理用品，开创了摩登厨房理念，让烹饪成为一种享受，带给人们看得见的完美品质和生活情趣。,,,,,,,1,2,,,Nagelknipser,Nagelknipser.html,4,1,10,0,1,0,0,1,1,1,0,1,1,,1,0,1,0,1,0,1,0,0,,,,,,,,,,,,,,,,,,,,1,0
Zwilling_78716-301-0,base,Manicure,simple,[Chinese Category]/美妆护肤/美妆工具,base,,,,Zwilling,,,,,Germany,,,,,,"<div class=""std"">
        <h1>双立人 Pedro 脚部硬皮锉 死皮锉, 黑色</h1><br>尺寸:230mm <br>双立人老皮挫，死皮搓，去死皮老皮<br>做工精致，手感好<br>比起去老皮刀这是比较温和舒适的去老皮的工具<br>    </div><img width='100%' src='https://gdp.alicdn.com/imgextra/i4/2115745306/TB2H15OeVXXXXcOXXXXXXXXXXXX_!!2115745306.jpg'>",No,,,0,,,,,"Pedro 去死皮石, 黑色","Pedro 去死皮石, 黑色","Pedro 去死皮石, 黑色 - AUSGER「德藝緻」德國精品百貨",,,Use config,Use config,Pedro-去死皮石-黑色,,,Product Info Column,,19.95,0,双立人品牌是Peter·Henckels（彼得·亨克斯先生）以双子座作为最初的构想，在德国美丽的莱茵河畔小镇索林根创立的品牌。同时也揭开了这一人类现存最古老商标之一不老传说的序幕。他的后代约翰·阿布雷汉姆·亨克斯将公司名称改成Zwilling J.A.Henckel.US。 双立人拥有超过2000种的不锈钢刀剪餐具、锅具、厨房炊具和个人护理用品，开创了摩登厨房理念，让烹饪成为一种享受，带给人们看得见的完美品质和生活情趣。,,,,,,,1,2,,,"Pedro , ","Pedro , .html",4,1,10,0,1,0,0,1,1,1,0,1,1,,1,0,1,0,1,0,1,0,0,,,,,,,,,,,,,,,,,,,,1,0
Zwilling_97549-004-0,base,Manicure,simple,[Chinese Category]/美妆护肤/美妆工具,base,,,,Zwilling,,,,,Germany,,,,,,"<div class=""std"">
        description    </div><img width='100%' src='https://gdp.alicdn.com/imgextra/i4/2115745306/TB2H15OeVXXXXcOXXXXXXXXXXXX_!!2115745306.jpg'>",No,,,0,,,,,"Rahmen-Etui, Rindleder, schwarz, 5-tlg. ","Rahmen-Etui, Rindleder, schwarz, 5-tlg. ","Rahmen-Etui, Rindleder, schwarz, 5-tlg.  - AUSGER「德藝緻」德國精品百貨",,,Use config,Use config,Rahmen-Etui-Rindleder-schwarz-5-tlg-,,,Product Info Column,,129.00,0,双立人品牌是Peter·Henckels（彼得·亨克斯先生）以双子座作为最初的构想，在德国美丽的莱茵河畔小镇索林根创立的品牌。同时也揭开了这一人类现存最古老商标之一不老传说的序幕。他的后代约翰·阿布雷汉姆·亨克斯将公司名称改成Zwilling J.A.Henckel.US。 双立人拥有超过2000种的不锈钢刀剪餐具、锅具、厨房炊具和个人护理用品，开创了摩登厨房理念，让烹饪成为一种享受，带给人们看得见的完美品质和生活情趣。,,,,,,,1,2,,,"Rahmen-Etui, Rindleder, schwarz, 5-tlg. ","Rahmen-Etui, Rindleder, schwarz, 5-tlg. .html",4,1,10,0,1,0,0,1,1,1,0,1,1,,1,0,1,0,1,0,1,0,0,,,,,,,,,,,,,,,,,,,,1,0
Zwilling_88343-101-0,base,Manicure,simple,[Chinese Category]/美妆护肤/美妆工具,base,,,,Zwilling,,,,,Germany,,,,,,"<div class=""std"">
        <h1>双立人 V形去指甲死皮刀</h1><br>尺寸:125mm<br>德国品质不锈钢，使用再久也不会生锈变钝；<br>握柄长度适宜，V形刀刃小巧锋利，使用顺手；<br>手柄上印有双立人LOGO，使工具更显精致。<br>    </div><img width='100%' src='https://gdp.alicdn.com/imgextra/i4/2115745306/TB2H15OeVXXXXcOXXXXXXXXXXXX_!!2115745306.jpg'>",No,,,0,,,,,去指甲死皮刀,去指甲死皮刀,去指甲死皮刀 - AUSGER「德藝緻」德國精品百貨,,,Use config,Use config,去指甲死皮刀,,,Product Info Column,,13.95,0,双立人品牌是Peter·Henckels（彼得·亨克斯先生）以双子座作为最初的构想，在德国美丽的莱茵河畔小镇索林根创立的品牌。同时也揭开了这一人类现存最古老商标之一不老传说的序幕。他的后代约翰·阿布雷汉姆·亨克斯将公司名称改成Zwilling J.A.Henckel.US。 双立人拥有超过2000种的不锈钢刀剪餐具、锅具、厨房炊具和个人护理用品，开创了摩登厨房理念，让烹饪成为一种享受，带给人们看得见的完美品质和生活情趣。,,,,,,,1,2,,,,.html,4,1,10,0,1,0,0,1,1,1,0,1,1,,1,0,1,0,1,0,1,0,0,,,,,,,,,,,,,,,,,,,,1,0
